店舗名,最寄駅,住所または座標,緯度,経度,掲載URL,オフィシャルHP,備考,電話,営業
キラキラガールズ,梅田駅M14番出口,"34.70208801437416, 135.50425842691857",34.70208801437416,135.50425842691857,https://www.esthe-ranking.jp/osakakita/shop-detail/0e52467f-b3e2-4388-a5cd-a32bbcbed245/,http://pink-crystal.xin-yhki.online/,セブン-イレブン 梅田神山西店に着きましたら、ご連絡ください,090-5982-5198,11:00～LAST
Rose（ローズ）,梅田駅M6出口,"34.703112771048076, 135.50477483002174",34.703112771048076,135.50477483002174,https://www.esthe-ranking.jp/osakakita/shop-detail/1019cef6-02e5-460d-8233-93b65a993a8d/,http://relax-est.net/,梅田駅M6出口徒歩3分,090-8990-2231,12:00～翌 05:00
SexySpa（セクシースパ）,梅田駅,"34.702167, 135.501417",34.702167,135.501417,https://www.esthe-ranking.jp/osakakita/shop-detail/faf26abf-1d4e-46bf-8d21-055a0aa79078/,https://www.sexyspa184.info/,アクセス欄に緯度経度と住所あり,090-9116-6499,12:00～LAST
ちゅうちゅうエステ,梅田駅,"34.699277280843944, 135.50186062392552",34.699277280843944,135.50186062392552,https://www.esthe-ranking.jp/osakakita/shop-detail/2d8eee6b-912f-4f99-bbf4-d188a4b44e17/,https://www.chuchuest184.info/,アクセス欄に緯度経度と住所あり,090-2199-9692,24時間営業
ローズマリー,梅田駅泉の広場M10,大阪府大阪市北区堂山町4-4,,,https://www.esthe-ranking.jp/osakakita/shop-detail/f7f82eee-27e3-43fc-8afa-10e68a20e8ae/,http://www.roseume.com/,アクセス欄に住所あり,06-6363-7868,12:00～24:00
甜蜜の樂园,梅田駅泉の広場M14出口,大阪府大阪市北区兎我野町１３−２,,,https://www.esthe-ranking.jp/osakakita/shop-detail/820786b6-4767-4265-aff3-e49cc7788bd5/,http://ia.ssj-dx.cfd/,梅田駅泉の広場Ｍ14出口 に着きましたら、ご連絡ください。,080-4249-6499,24時間営業
Relaxationアジアン,東梅田駅8出口,大阪府大阪市北区梅田1丁目11-4 大阪駅前第4ビルB1F,,,https://www.esthe-ranking.jp/osakakita/shop-detail/077ce4bb-7748-4a0b-87ec-fe9762ab8a27/,http://www.la184.com/,東梅田駅8出口徒歩1分,06-6344-8818,11:00～23:00
甘いピーチ,梅田駅,"34.70065929102354, 135.50565691405",34.70065929102354,135.50565691405,https://www.esthe-ranking.jp/osakakita/shop-detail/c863538a-3912-41be-847e-ebf368d0f274/,https://peach2026.relaxya.jp/,梅田駅徒歩6分,070-4174-5134,11:00～翌 02:00
梅田快楽園,東梅田駅,大阪府大阪市北区兎我野町３丁目３−５,,,https://www.esthe-ranking.jp/osakakita/shop-detail/815cd837-ddd9-4177-9eb4-99acda2afbf1/,http://umedakai.refle.shop/,梅田プラザホテルの近くに着いたら、ご連絡ください,090-5989-5347,11:00～翌 03:00
美女ツボミ,梅田駅M14番出口,"34.701139, 135.502139",34.701139,135.502139,https://www.esthe-ranking.jp/osakakita/shop-detail/cec345ec-3528-42bf-ad04-34291855067b/,https://www.bjyotubom184.info/,大阪府大阪市北区太融寺町8-8 ローソン付近でお電話,070-8985-7229,11:00～翌 05:00
濡れパイン,梅田駅2番出口,北海道・東北北海道 | 青森県 | 岩手県 | 宮城県 | 秋田県 | 山形県 | 福島県甲信越・北陸山梨県 | 長野県 | 新潟県 | 富山県 | 石川県 | 福井県関東東京都 | 神奈川県 | 千葉県 | 埼玉県 | 茨城県 | 栃木県 | 群馬県東海愛知県 | 静岡県 | 岐阜県 | 三重県関西大阪府 | 兵庫県 | 京都府 | 滋賀県 | 奈良県 | 和歌山県中国岡山県 | 広島県 | 島根県 | 鳥取県 | 山口県四国愛媛県 | 香川県 | 高知県 | 徳島県九州・沖縄福岡県 | 佐賀県 | 長崎県 | 熊本県 | 大分県 | 宮崎県 | 鹿児島県 | 沖縄県,,,https://www.esthe-ranking.jp/osakakita/shop-detail/9f9dc224-84ae-4c8d-88d9-baa5f617cf91/,https://www.nurepain184.info/,梅田駅2番出口,070-7670-4514,12:00～23:00
推しのバラ21,大阪梅田駅茶屋町口,北海道・東北北海道 | 青森県 | 岩手県 | 宮城県 | 秋田県 | 山形県 | 福島県甲信越・北陸山梨県 | 長野県 | 新潟県 | 富山県 | 石川県 | 福井県関東東京都 | 神奈川県 | 千葉県 | 埼玉県 | 茨城県 | 栃木県 | 群馬県東海愛知県 | 静岡県 | 岐阜県 | 三重県関西大阪府 | 兵庫県 | 京都府 | 滋賀県 | 奈良県 | 和歌山県中国岡山県 | 広島県 | 島根県 | 鳥取県 | 山口県四国愛媛県 | 香川県 | 高知県 | 徳島県九州・沖縄福岡県 | 佐賀県 | 長崎県 | 熊本県 | 大分県 | 宮崎県 | 鹿児島県 | 沖縄県,,,https://www.esthe-ranking.jp/osakakita/shop-detail/de01477e-a509-491c-9efa-8a1e4c5c70bc/,https://www.osinobara184.info/,アクセス欄に住所あり,090-9983-0524,12:00～LAST
びしょ濡れ女王,梅田駅地下ホワイティーM14出口,北海道・東北北海道 | 青森県 | 岩手県 | 宮城県 | 秋田県 | 山形県 | 福島県甲信越・北陸山梨県 | 長野県 | 新潟県 | 富山県 | 石川県 | 福井県関東東京都 | 神奈川県 | 千葉県 | 埼玉県 | 茨城県 | 栃木県 | 群馬県東海愛知県 | 静岡県 | 岐阜県 | 三重県関西大阪府 | 兵庫県 | 京都府 | 滋賀県 | 奈良県 | 和歌山県中国岡山県 | 広島県 | 島根県 | 鳥取県 | 山口県四国愛媛県 | 香川県 | 高知県 | 徳島県九州・沖縄福岡県 | 佐賀県 | 長崎県 | 熊本県 | 大分県 | 宮崎県 | 鹿児島県 | 沖縄県,,,https://www.esthe-ranking.jp/osakakita/shop-detail/4bed2397-bc23-40ab-b970-773f05ec2d84/,https://www.bsyojyo184.info/,アクセス欄に住所あり,090-3944-2696,12:00～翌 03:00
美人リラクゼーションエステ,天神橋筋六丁目駅13番口,天神橋筋六丁目駅,,,https://www.esthe-ranking.jp/tenma/shop-detail/9af86d2e-8ace-4317-b0db-8baef3f4172c/,http://beautiful-spa.menzu-lao.sbs/,地図の位置に着きましたら、ご連絡ください。,080-9718-4077,11:00～翌 02:00
スケスケガールズ,南森町駅,大阪府大阪市北区天神橋２丁目１−１４,,,https://www.esthe-ranking.jp/tenma/shop-detail/e40474f3-78b1-424d-a36e-4c6c01253e11/,https://www.sukegirl184.info/,アクセス欄に住所あり,080-3865-8866,12:00～LAST
Love＆Peace（ラブ＆ピース）,天神橋筋六丁目13番出口,北海道・東北北海道 | 青森県 | 岩手県 | 宮城県 | 秋田県 | 山形県 | 福島県甲信越・北陸山梨県 | 長野県 | 新潟県 | 富山県 | 石川県 | 福井県関東東京都 | 神奈川県 | 千葉県 | 埼玉県 | 茨城県 | 栃木県 | 群馬県東海愛知県 | 静岡県 | 岐阜県 | 三重県関西大阪府 | 兵庫県 | 京都府 | 滋賀県 | 奈良県 | 和歌山県中国岡山県 | 広島県 | 島根県 | 鳥取県 | 山口県四国愛媛県 | 香川県 | 高知県 | 徳島県九州・沖縄福岡県 | 佐賀県 | 長崎県 | 熊本県 | 大分県 | 宮崎県 | 鹿児島県 | 沖縄県,,,https://www.esthe-ranking.jp/tenma/shop-detail/f7c04ddb-278f-492c-a54c-42b9744efd5b/,https://www.lovepeace184.info/,天神橋筋六丁目13番出口,080-6246-5732,11:00～23:00
Lala Kiss（ララキス）,中崎町駅,北海道・東北北海道 | 青森県 | 岩手県 | 宮城県 | 秋田県 | 山形県 | 福島県甲信越・北陸山梨県 | 長野県 | 新潟県 | 富山県 | 石川県 | 福井県関東東京都 | 神奈川県 | 千葉県 | 埼玉県 | 茨城県 | 栃木県 | 群馬県東海愛知県 | 静岡県 | 岐阜県 | 三重県関西大阪府 | 兵庫県 | 京都府 | 滋賀県 | 奈良県 | 和歌山県中国岡山県 | 広島県 | 島根県 | 鳥取県 | 山口県四国愛媛県 | 香川県 | 高知県 | 徳島県九州・沖縄福岡県 | 佐賀県 | 長崎県 | 熊本県 | 大分県 | 宮崎県 | 鹿児島県 | 沖縄県,,,https://www.esthe-ranking.jp/tenma/shop-detail/863c600e-c560-4a8d-8f28-f642c956e29e/,http://lalakiss.sh-goy.tokyo/,中崎町駅徒歩3分,080-9824-9314,11:00～翌 02:30
もりの風,扇町駅4番出口,北海道・東北北海道 | 青森県 | 岩手県 | 宮城県 | 秋田県 | 山形県 | 福島県甲信越・北陸山梨県 | 長野県 | 新潟県 | 富山県 | 石川県 | 福井県関東東京都 | 神奈川県 | 千葉県 | 埼玉県 | 茨城県 | 栃木県 | 群馬県東海愛知県 | 静岡県 | 岐阜県 | 三重県関西大阪府 | 兵庫県 | 京都府 | 滋賀県 | 奈良県 | 和歌山県中国岡山県 | 広島県 | 島根県 | 鳥取県 | 山口県四国愛媛県 | 香川県 | 高知県 | 徳島県九州・沖縄福岡県 | 佐賀県 | 長崎県 | 熊本県 | 大分県 | 宮崎県 | 鹿児島県 | 沖縄県,,,https://www.esthe-ranking.jp/tenma/shop-detail/c5c6b22c-b74e-4ca1-a31d-1bcef61f0bf3/,https://www.morinokaze184.info/,扇町駅4番出口,06-6353-5636,11:00～翌 03:00
癒しの心,扇町駅4番出口,北海道・東北北海道 | 青森県 | 岩手県 | 宮城県 | 秋田県 | 山形県 | 福島県甲信越・北陸山梨県 | 長野県 | 新潟県 | 富山県 | 石川県 | 福井県関東東京都 | 神奈川県 | 千葉県 | 埼玉県 | 茨城県 | 栃木県 | 群馬県東海愛知県 | 静岡県 | 岐阜県 | 三重県関西大阪府 | 兵庫県 | 京都府 | 滋賀県 | 奈良県 | 和歌山県中国岡山県 | 広島県 | 島根県 | 鳥取県 | 山口県四国愛媛県 | 香川県 | 高知県 | 徳島県九州・沖縄福岡県 | 佐賀県 | 長崎県 | 熊本県 | 大分県 | 宮崎県 | 鹿児島県 | 沖縄県,,,https://www.esthe-ranking.jp/tenma/shop-detail/f90c684d-24a8-4762-91b4-5b23d63cb12a/,http://massage-relax.red/,扇町駅4番出口徒歩0分,06-6352-7556,12:00～LAST
濡れ濡れParty,堺筋本町駅3番出口,"34.679194, 135.506944",34.679194,135.506944,https://www.esthe-ranking.jp/honmachi/shop-detail/a35f1f97-7eb8-4fef-b546-6b6168c2c809/,http://relax.sh-ksa.tokyo/,堺筋本町駅徒歩3分の完全個室。20代若い美女が集結!セクシー衣装、攻めディープリンパで本物のメンズエステ VIP 体感。面白いパーティーもあり、特別マット洗体サービスでお待ちしてます！高クオリティな可愛いスタッフ多数在籍、恋人のように疲れを癒します。,090-6603-3777,12:00～LAST
台北ガール（タイペイガール）,本町駅21番出口,本町駅,,,https://www.esthe-ranking.jp/honmachi/shop-detail/650f3858-81d0-418f-a122-12b86d9a466c/,http://taipeigirl.sh-hxd.tokyo/,ここに着きましたら、お電話ください。,070-5423-0507,11:00～翌 02:00
濡れ濡れガール,堺筋本町駅3番出口,堺筋本町駅,,,https://www.esthe-ranking.jp/honmachi/shop-detail/af7c96fc-5f1c-4198-ba4e-1c521db630c8/,http://sweet.sh-ssb.tokyo/,ここに着きましたら、お電話ください。,080-7500-5360,11:00～翌 03:00
桃色サプライズ,堺筋本町駅3番出口,大阪府大阪市中央区北久宝寺町1丁目4-2,,,https://www.esthe-ranking.jp/honmachi/shop-detail/01f681dc-24c7-4e12-a4c9-2421cc4c30e8/,https://www.momoirosapurai184.info/,堺筋本町駅3番出口徒歩3分,090-7942-4294,12:00～LAST
ニューフェイス,本町駅28番出口,本町駅,,,https://www.esthe-ranking.jp/honmachi/shop-detail/5c4e82e5-6490-4412-906a-1c11bf61cbec/,http://new-face.menzu-jdm.sbs/,本町駅28番出口に着きましたらご連絡ください。,090-5804-0176,11:00～LAST
パープルタイム,堺筋本町駅3番出口,大阪府大阪市中央区久太郎町1丁目6-29,,,https://www.esthe-ranking.jp/honmachi/shop-detail/e77e1be5-cc4e-4c23-9b6a-adb9457351a1/,https://www.pupr184.info/,堺筋本町駅3番出口,080-4024-2248,11:00～翌 01:00
スィートヒーリング,堺筋本町駅7番出口,大阪府大阪市中央区南久宝寺町1-10,,,https://www.esthe-ranking.jp/honmachi/shop-detail/376096a7-a20a-4285-b312-8bda9f310108/,https://www.sweethealing184.info/,堺筋本町駅7番出口,070-8380-8512,10:00～翌 03:00
SugarBaby（しゅがーべいびー）,堺筋本町駅3番出口,大阪府大阪市中央区久太郎町1-6-26,,,https://www.esthe-ranking.jp/honmachi/shop-detail/92fa1965-3203-4e07-9570-9620b48940ef/,https://www.sugarbaby184.info/,堺筋本町駅3番出口,070-4172-6628,12:00～LAST
Your Room（ユアルーム）,堺筋本町駅3号出口,大阪市中央区久太郎町１丁目,,,https://www.esthe-ranking.jp/honmachi/shop-detail/159779c1-5c64-4782-a855-9dc5e8a06e16/,http://yourroom-osaka.com/,徒歩１分 ご案内いたします。,090-9256-9198,12:00～翌 01:30
Mar（マール）,堺筋本町駅3号出口,堺筋本町駅,,,https://www.esthe-ranking.jp/honmachi/shop-detail/b4d5dfce-5da7-4ca4-903a-b396d5bfacfc/,http://esalon-mar.com/,アクセス欄に住所あり,080-5764-8382,12:00～LAST
ラブ＆ピーチ,堺筋本町駅12番出口,北海道・東北北海道 | 青森県 | 岩手県 | 宮城県 | 秋田県 | 山形県 | 福島県甲信越・北陸山梨県 | 長野県 | 新潟県 | 富山県 | 石川県 | 福井県関東東京都 | 神奈川県 | 千葉県 | 埼玉県 | 茨城県 | 栃木県 | 群馬県東海愛知県 | 静岡県 | 岐阜県 | 三重県関西大阪府 | 兵庫県 | 京都府 | 滋賀県 | 奈良県 | 和歌山県中国岡山県 | 広島県 | 島根県 | 鳥取県 | 山口県四国愛媛県 | 香川県 | 高知県 | 徳島県九州・沖縄福岡県 | 佐賀県 | 長崎県 | 熊本県 | 大分県 | 宮崎県 | 鹿児島県 | 沖縄県,,,https://www.esthe-ranking.jp/honmachi/shop-detail/f27c08f0-96d9-4aac-9b2d-c73ec9dc9c54/,https://www.lovepeach184.info/,堺筋本町駅12番出口,080-4486-7239,11:00～翌 02:00
プールサイド,堺筋本町駅10番出口,北海道・東北北海道 | 青森県 | 岩手県 | 宮城県 | 秋田県 | 山形県 | 福島県甲信越・北陸山梨県 | 長野県 | 新潟県 | 富山県 | 石川県 | 福井県関東東京都 | 神奈川県 | 千葉県 | 埼玉県 | 茨城県 | 栃木県 | 群馬県東海愛知県 | 静岡県 | 岐阜県 | 三重県関西大阪府 | 兵庫県 | 京都府 | 滋賀県 | 奈良県 | 和歌山県中国岡山県 | 広島県 | 島根県 | 鳥取県 | 山口県四国愛媛県 | 香川県 | 高知県 | 徳島県九州・沖縄福岡県 | 佐賀県 | 長崎県 | 熊本県 | 大分県 | 宮崎県 | 鹿児島県 | 沖縄県,,,https://www.esthe-ranking.jp/honmachi/shop-detail/ab1871f9-640f-455e-8930-b065f54e4400/,http://sh-poolside.hfmi16.xyz/,堺筋本町駅10番出口徒歩2分,070-4448-9294,11:00～翌 02:00
ねこ娘,堺筋本町駅12番出口,北海道・東北北海道 | 青森県 | 岩手県 | 宮城県 | 秋田県 | 山形県 | 福島県甲信越・北陸山梨県 | 長野県 | 新潟県 | 富山県 | 石川県 | 福井県関東東京都 | 神奈川県 | 千葉県 | 埼玉県 | 茨城県 | 栃木県 | 群馬県東海愛知県 | 静岡県 | 岐阜県 | 三重県関西大阪府 | 兵庫県 | 京都府 | 滋賀県 | 奈良県 | 和歌山県中国岡山県 | 広島県 | 島根県 | 鳥取県 | 山口県四国愛媛県 | 香川県 | 高知県 | 徳島県九州・沖縄福岡県 | 佐賀県 | 長崎県 | 熊本県 | 大分県 | 宮崎県 | 鹿児島県 | 沖縄県,,,https://www.esthe-ranking.jp/honmachi/shop-detail/76d51fb5-1937-4c86-bf51-c3b453e386c8/,https://www.nekomusum184.info/,堺筋本町駅12番出口,090-9984-6686,11:00～翌 02:00
CARNET（カルネ）,堺筋本町駅6番出口,北海道・東北北海道 | 青森県 | 岩手県 | 宮城県 | 秋田県 | 山形県 | 福島県甲信越・北陸山梨県 | 長野県 | 新潟県 | 富山県 | 石川県 | 福井県関東東京都 | 神奈川県 | 千葉県 | 埼玉県 | 茨城県 | 栃木県 | 群馬県東海愛知県 | 静岡県 | 岐阜県 | 三重県関西大阪府 | 兵庫県 | 京都府 | 滋賀県 | 奈良県 | 和歌山県中国岡山県 | 広島県 | 島根県 | 鳥取県 | 山口県四国愛媛県 | 香川県 | 高知県 | 徳島県九州・沖縄福岡県 | 佐賀県 | 長崎県 | 熊本県 | 大分県 | 宮崎県 | 鹿児島県 | 沖縄県,,,https://www.esthe-ranking.jp/honmachi/shop-detail/e7149b3b-d5a3-4c58-87ac-b8f07245923c/,https://www.carnethonma184.info/,堺筋本町駅6番出口,090-6889-7284,11:00～LAST
ジャスミン,堺筋本町駅13番出口,北海道・東北北海道 | 青森県 | 岩手県 | 宮城県 | 秋田県 | 山形県 | 福島県甲信越・北陸山梨県 | 長野県 | 新潟県 | 富山県 | 石川県 | 福井県関東東京都 | 神奈川県 | 千葉県 | 埼玉県 | 茨城県 | 栃木県 | 群馬県東海愛知県 | 静岡県 | 岐阜県 | 三重県関西大阪府 | 兵庫県 | 京都府 | 滋賀県 | 奈良県 | 和歌山県中国岡山県 | 広島県 | 島根県 | 鳥取県 | 山口県四国愛媛県 | 香川県 | 高知県 | 徳島県九州・沖縄福岡県 | 佐賀県 | 長崎県 | 熊本県 | 大分県 | 宮崎県 | 鹿児島県 | 沖縄県,,,https://www.esthe-ranking.jp/honmachi/shop-detail/9b247af3-ea8e-499c-9f42-96aabd57a108/,https://www.jasmin184.info/,堺筋本町駅13番出口,090-9888-5666,12:00～翌 05:00
瑠璃癒（るりいやし）,堺筋本町駅3番出口,北海道・東北北海道 | 青森県 | 岩手県 | 宮城県 | 秋田県 | 山形県 | 福島県甲信越・北陸山梨県 | 長野県 | 新潟県 | 富山県 | 石川県 | 福井県関東東京都 | 神奈川県 | 千葉県 | 埼玉県 | 茨城県 | 栃木県 | 群馬県東海愛知県 | 静岡県 | 岐阜県 | 三重県関西大阪府 | 兵庫県 | 京都府 | 滋賀県 | 奈良県 | 和歌山県中国岡山県 | 広島県 | 島根県 | 鳥取県 | 山口県四国愛媛県 | 香川県 | 高知県 | 徳島県九州・沖縄福岡県 | 佐賀県 | 長崎県 | 熊本県 | 大分県 | 宮崎県 | 鹿児島県 | 沖縄県,,,https://www.esthe-ranking.jp/honmachi/shop-detail/d3fa6f85-945b-41ac-b2aa-ecf132325f7b/,https://shop2.es-johokan.com/ruriiyashi/,堺筋本町駅3番出口,090-8713-8571,11:00～翌 02:00
癒しラボ,長堀橋駅6番出口,"34.672111, 135.508167",34.672111,135.508167,https://www.esthe-ranking.jp/shinsaibashi/shop-detail/7484b78c-8360-4dfa-88ba-dad1370e8be2/,https://www.184labo.info/,長堀橋駅6番出口徒歩3分,070-2284-3377,12:00～24:00
ForeverLove（フォーエバーラブ）,長堀橋駅7番出口,北海道・東北北海道 | 青森県 | 岩手県 | 宮城県 | 秋田県 | 山形県 | 福島県甲信越・北陸山梨県 | 長野県 | 新潟県 | 富山県 | 石川県 | 福井県関東東京都 | 神奈川県 | 千葉県 | 埼玉県 | 茨城県 | 栃木県 | 群馬県東海愛知県 | 静岡県 | 岐阜県 | 三重県関西大阪府 | 兵庫県 | 京都府 | 滋賀県 | 奈良県 | 和歌山県中国岡山県 | 広島県 | 島根県 | 鳥取県 | 山口県四国愛媛県 | 香川県 | 高知県 | 徳島県九州・沖縄福岡県 | 佐賀県 | 長崎県 | 熊本県 | 大分県 | 宮崎県 | 鹿児島県 | 沖縄県,,,https://www.esthe-ranking.jp/shinsaibashi/shop-detail/4497564e-bbab-4844-99a6-dc73cb0c3e24/,https://www.foreverlove184.info/,長堀橋駅7番出口,080-9527-6896,12:00～翌 05:00
やすらぎ,長堀橋駅7番出口,北海道・東北北海道 | 青森県 | 岩手県 | 宮城県 | 秋田県 | 山形県 | 福島県甲信越・北陸山梨県 | 長野県 | 新潟県 | 富山県 | 石川県 | 福井県関東東京都 | 神奈川県 | 千葉県 | 埼玉県 | 茨城県 | 栃木県 | 群馬県東海愛知県 | 静岡県 | 岐阜県 | 三重県関西大阪府 | 兵庫県 | 京都府 | 滋賀県 | 奈良県 | 和歌山県中国岡山県 | 広島県 | 島根県 | 鳥取県 | 山口県四国愛媛県 | 香川県 | 高知県 | 徳島県九州・沖縄福岡県 | 佐賀県 | 長崎県 | 熊本県 | 大分県 | 宮崎県 | 鹿児島県 | 沖縄県,,,https://www.esthe-ranking.jp/shinsaibashi/shop-detail/5ecf881b-986e-40c8-8171-6c22fd34524b/,https://shop.es-johokan.com/yasuragi-o/,長堀橋駅7番出口,080-6017-4154,12:00～LAST
好き好き,長堀橋駅1番出口,北海道・東北北海道 | 青森県 | 岩手県 | 宮城県 | 秋田県 | 山形県 | 福島県甲信越・北陸山梨県 | 長野県 | 新潟県 | 富山県 | 石川県 | 福井県関東東京都 | 神奈川県 | 千葉県 | 埼玉県 | 茨城県 | 栃木県 | 群馬県東海愛知県 | 静岡県 | 岐阜県 | 三重県関西大阪府 | 兵庫県 | 京都府 | 滋賀県 | 奈良県 | 和歌山県中国岡山県 | 広島県 | 島根県 | 鳥取県 | 山口県四国愛媛県 | 香川県 | 高知県 | 徳島県九州・沖縄福岡県 | 佐賀県 | 長崎県 | 熊本県 | 大分県 | 宮崎県 | 鹿児島県 | 沖縄県,,,https://www.esthe-ranking.jp/shinsaibashi/shop-detail/9cb34804-99cd-4739-b637-8b1af9c610ad/,https://www.sukisuki184.info/,長堀橋駅1番出口,070-7582-1919,12:00～翌 05:00
満点girl,近鉄日本橋駅,大阪府大阪市中央区日本橋１丁目１２−１０,,,https://www.esthe-ranking.jp/osakaminami/shop-detail/9d3e731f-0cb5-41f6-8e3f-044dfc9e07ee/,http://perfect-girl.menzu-nsh.sbs/,日本橋 7 番出口、国立小劇場に到着したらご連絡ください。,090-5259-6437,24時間営業
mini house,日本橋駅6番出口,近鉄日本橋駅 大阪府大阪市中央区日本橋１丁目１８−１４,,,https://www.esthe-ranking.jp/osakaminami/shop-detail/cad21a83-1db6-4d81-b20d-3c78de366adb/,http://axc.kaj-esute.asia/,日本橋6番出口に着いたら、お電話ください。,080-8182-2345,10:00～翌 05:00
Peach Pie,新今宮駅,"34.649448097302134, 135.50366066480242",34.649448097302134,135.50366066480242,https://www.esthe-ranking.jp/osakaminami/shop-detail/a8861cc0-a570-4ed3-8454-4b95b867c999/,https://shop2.es-johokan.com/peach-pie/,アクセス欄に緯度経度と住所あり,090-7646-7254,11:00～LAST
丸美（まるみ）,日本橋駅8番出口,大阪府大阪市中央区高津３丁目２−３２,,,https://www.esthe-ranking.jp/osakaminami/shop-detail/3cab02a5-fba4-4417-8940-51fe82925295/,http://fhz.bdh-esute.asia/,日本橋駅8番出口に着きましたらお電話ください。/スタッフが詳しい道順をご説明いたします。,070-4172-4116,24時間営業
ベトナム姫ちゃん,近鉄日本橋駅5番出口,"34.66653908984956, 135.5067478501654",34.66653908984956,135.5067478501654,https://www.esthe-ranking.jp/osakaminami/shop-detail/12e5c1da-743f-45bf-a145-3005d12ee686/,http://princess.xin-uel.online/,近鉄日本橋駅⑤番出口 に着きましたら、ご連絡ください,080-2877-4181,11:00～翌 02:00
蘭スパ,なんば駅,大阪府大阪市中央区千日前１丁目９−１２,,,https://www.esthe-ranking.jp/osakaminami/shop-detail/356d02f8-1cb1-4fd3-9637-2fac5bc19eec/,http://lan.ssi-esute.asia/,近鉄/なんば駅から徒歩約3分/日本橋駅から249m,06-6211-2343,11:00～翌 03:00
one by one（ワンバイワン）,日本橋駅8番出口,"34.66651575146191, 135.50982861226848",34.66651575146191,135.50982861226848,https://www.esthe-ranking.jp/osakaminami/shop-detail/73881cd0-ad00-4606-8664-f8bd085ffd0f/,http://jdia.dji-esute.asia/,日本橋駅8番出口，谷町九町目に着きましたらお電話ください。,090-9268-8666,24時間営業
ホワイトローズ,日本橋駅7番出口,大阪府大阪市中央区日本橋１丁目１２−１０ 国立文楽劇場,,,https://www.esthe-ranking.jp/osakaminami/shop-detail/b0c56ef8-125d-4f39-a439-16432bd91390/,https://whiterose.ests.jp/,日本橋駅7番出口徒歩2分,080-4561-5228,12:00～LAST
夜の秘密,なんば駅,大阪府大阪市中央区道頓堀２丁目１−１,,,https://www.esthe-ranking.jp/osakaminami/shop-detail/db665962-7e69-455d-b7ec-7d34f129be16/,http://secrets.xin-huf.online/,吉野家 御堂筋難波店 に着きましたら、ご連絡ください。,090-2199-9692,24時間営業
シンチャオベトナム,日本橋駅10番出口,日本橋駅,,,https://www.esthe-ranking.jp/osakaminami/shop-detail/644dcdfe-8fc9-4a4a-86d4-04910a157e44/,http://sinchao-vietnam.menzu-lao.sbs/,日本橋駅10番出口に着きましたらご連絡ください,090-7217-2224,11:00～LAST
さくら姫ちゃん,近鉄日本橋駅,大阪府大阪市中央区日本橋1丁目2-2,,,https://www.esthe-ranking.jp/osakaminami/shop-detail/5aa8d2c1-028b-4bf3-b9e6-e32bb9233810/,http://skr-hc.ranghot.vip/,アクセス欄に住所あり,080-7823-8247,10:30～翌 01:30
香りアロマ,近鉄日本橋駅,近鉄日本橋駅 大阪府大阪市中央区日本橋１丁目１８−１４,,,https://www.esthe-ranking.jp/osakaminami/shop-detail/a056a8cf-ca91-45b3-8759-8f675ba1576e/,http://kaori.xhh-tokyo.vip/,地図の位置に着きましたら、ご連絡ください。,080-2367-9717,10:30～翌 01:30
セクシー少女,難波駅,大阪府大阪市中央区道頓堀２丁目２−６,,,https://www.esthe-ranking.jp/osakaminami/shop-detail/3a55a1a9-49d3-403a-bac9-9ccf99d0f825/,https://sexy-flower.com/,アクセス欄に住所あり,090-6555-6499,24時間営業
桜川店幸せだよ,桜川駅1番出口,大阪府大阪市浪速区桜川４丁目３−番２２号,,,https://www.esthe-ranking.jp/osakaminami/shop-detail/caf265aa-f81e-4b46-a9f0-38d8f88ca605/,http://happy-koss.ika-111.site/,地図の位置に着きましたら、ご連絡ください。,070-8343-3225,11:30～翌 02:00
VIPタイちゃい,日本橋駅7番出口,"34.667719028582646, 135.5091681251682",34.667719028582646,135.5091681251682,https://www.esthe-ranking.jp/osakaminami/shop-detail/da214bcd-f1d7-49d2-9292-f6a4becc6ff6/,https://www.viptaicha184.info/,日本橋駅7番出口徒歩2分,090-6664-4047,12:00～翌 05:00
ユフラ,恵美須町駅,大阪市浪速区日本橋5-10-2,,,https://www.esthe-ranking.jp/osakaminami/shop-detail/02b4f03c-7097-4679-b35a-aad0f8a5e1d0/,https://yufura.my.canva.site/,恵美須町駅徒歩3分、真面目なリラクゼーションオイルマッサージ。全身しっかりオールハンド。,090-6432-0113,11:00～LAST
嬢熱OSAKA,動物園前駅9番出口,大阪府大阪市西成区太子１丁目６−１２,,,https://www.esthe-ranking.jp/osakaminami/shop-detail/65955e95-339a-41ec-98b4-03b2e5af004e/,http://piepanic.hl-web23.work/,「動物園前駅9番出口」に着いたら、お電話ください。,080-2946-9130,11:00～LAST
Thai Sabai（タイさばい）,日本橋駅7番出口,阪府大阪市中央区日本橋1丁目10-12,,,https://www.esthe-ranking.jp/osakaminami/shop-detail/93729a73-e4e4-413d-ac9c-6d87eda79227/,http://tai.sh-mdk.tokyo/,地図付近着いたら、お電話下さい。,080-9742-6611,12:00～LAST
キュートベビー,日本橋駅7番出口,大阪府大阪市中央区高津2,,,https://www.esthe-ranking.jp/osakaminami/shop-detail/a1159b6e-1996-4434-a501-f846793d1871/,https://cutebaby-184.penne.jp/,日本橋駅近くのリラクゼーションエステのお店です。完全個室のプライベートサロンとなります。日本橋7番出口付近からお電話いただければスムーズに案内できると思います。当店は完全電話予約制となっております。,070-9220-5214,12:00～翌 05:00
U-room（ユールーム）,日本橋駅7番出口,大阪府大阪市中央区日本橋１丁目１２−１０,,,https://www.esthe-ranking.jp/osakaminami/shop-detail/f5ded223-2f45-4367-b8e3-2f7b40a78c69/,https://moncher.iest.info/,日本橋駅7番出口徒歩2分,080-4011-5228,12:00～翌 03:00
チュウリぴゅ,大国町駅1番出口,北海道・東北北海道 | 青森県 | 岩手県 | 宮城県 | 秋田県 | 山形県 | 福島県甲信越・北陸山梨県 | 長野県 | 新潟県 | 富山県 | 石川県 | 福井県関東東京都 | 神奈川県 | 千葉県 | 埼玉県 | 茨城県 | 栃木県 | 群馬県東海愛知県 | 静岡県 | 岐阜県 | 三重県関西大阪府 | 兵庫県 | 京都府 | 滋賀県 | 奈良県 | 和歌山県中国岡山県 | 広島県 | 島根県 | 鳥取県 | 山口県四国愛媛県 | 香川県 | 高知県 | 徳島県九州・沖縄福岡県 | 佐賀県 | 長崎県 | 熊本県 | 大分県 | 宮崎県 | 鹿児島県 | 沖縄県,,,https://www.esthe-ranking.jp/osakaminami/shop-detail/14fc278f-5bd7-45d5-a08c-c9b6e221e0b1/,https://www.tulipyu184.info/,大国町駅1番出口,080-9121-9977,11:00～翌 05:00
恋人デートエステ,大国町駅4番出口,北海道・東北北海道 | 青森県 | 岩手県 | 宮城県 | 秋田県 | 山形県 | 福島県甲信越・北陸山梨県 | 長野県 | 新潟県 | 富山県 | 石川県 | 福井県関東東京都 | 神奈川県 | 千葉県 | 埼玉県 | 茨城県 | 栃木県 | 群馬県東海愛知県 | 静岡県 | 岐阜県 | 三重県関西大阪府 | 兵庫県 | 京都府 | 滋賀県 | 奈良県 | 和歌山県中国岡山県 | 広島県 | 島根県 | 鳥取県 | 山口県四国愛媛県 | 香川県 | 高知県 | 徳島県九州・沖縄福岡県 | 佐賀県 | 長崎県 | 熊本県 | 大分県 | 宮崎県 | 鹿児島県 | 沖縄県,,,https://www.esthe-ranking.jp/osakaminami/shop-detail/99675ace-7cca-44eb-81ef-1b4c4348d298/,https://www.koibitodetodaiko184.info/,大国町駅4番出口徒歩1分,070-3603-4418,11:00～LAST
秘め姫21,大国町駅3番出口,北海道・東北北海道 | 青森県 | 岩手県 | 宮城県 | 秋田県 | 山形県 | 福島県甲信越・北陸山梨県 | 長野県 | 新潟県 | 富山県 | 石川県 | 福井県関東東京都 | 神奈川県 | 千葉県 | 埼玉県 | 茨城県 | 栃木県 | 群馬県東海愛知県 | 静岡県 | 岐阜県 | 三重県関西大阪府 | 兵庫県 | 京都府 | 滋賀県 | 奈良県 | 和歌山県中国岡山県 | 広島県 | 島根県 | 鳥取県 | 山口県四国愛媛県 | 香川県 | 高知県 | 徳島県九州・沖縄福岡県 | 佐賀県 | 長崎県 | 熊本県 | 大分県 | 宮崎県 | 鹿児島県 | 沖縄県,,,https://www.esthe-ranking.jp/osakaminami/shop-detail/0e9c5950-3cf9-4767-a30b-e336da9d6302/,https://www.himehime21184.info/,大国町駅3番出口,070-1765-6565,11:00～翌 05:00
恋のマシマシSPA,大国町駅3番出口,北海道・東北北海道 | 青森県 | 岩手県 | 宮城県 | 秋田県 | 山形県 | 福島県甲信越・北陸山梨県 | 長野県 | 新潟県 | 富山県 | 石川県 | 福井県関東東京都 | 神奈川県 | 千葉県 | 埼玉県 | 茨城県 | 栃木県 | 群馬県東海愛知県 | 静岡県 | 岐阜県 | 三重県関西大阪府 | 兵庫県 | 京都府 | 滋賀県 | 奈良県 | 和歌山県中国岡山県 | 広島県 | 島根県 | 鳥取県 | 山口県四国愛媛県 | 香川県 | 高知県 | 徳島県九州・沖縄福岡県 | 佐賀県 | 長崎県 | 熊本県 | 大分県 | 宮崎県 | 鹿児島県 | 沖縄県,,,https://www.esthe-ranking.jp/osakaminami/shop-detail/41bd961a-c56f-4dd0-8b9f-0a9b1048257e/,https://www.koimasimasi184.info/,大国町駅3番出口,070-1749-7742,11:00～翌 05:00
美獣（びじゅう）,日本橋駅2番出口,北海道・東北北海道 | 青森県 | 岩手県 | 宮城県 | 秋田県 | 山形県 | 福島県甲信越・北陸山梨県 | 長野県 | 新潟県 | 富山県 | 石川県 | 福井県関東東京都 | 神奈川県 | 千葉県 | 埼玉県 | 茨城県 | 栃木県 | 群馬県東海愛知県 | 静岡県 | 岐阜県 | 三重県関西大阪府 | 兵庫県 | 京都府 | 滋賀県 | 奈良県 | 和歌山県中国岡山県 | 広島県 | 島根県 | 鳥取県 | 山口県四国愛媛県 | 香川県 | 高知県 | 徳島県九州・沖縄福岡県 | 佐賀県 | 長崎県 | 熊本県 | 大分県 | 宮崎県 | 鹿児島県 | 沖縄県,,,https://www.esthe-ranking.jp/osakaminami/shop-detail/1e7d5df7-874c-4255-9de3-6b3d04776b68/,https://shop2.es-johokan.com/biju/,日本橋駅2番出口,090-4575-8674,10:00～22:00
バラ,日本橋駅5番出口,北海道・東北北海道 | 青森県 | 岩手県 | 宮城県 | 秋田県 | 山形県 | 福島県甲信越・北陸山梨県 | 長野県 | 新潟県 | 富山県 | 石川県 | 福井県関東東京都 | 神奈川県 | 千葉県 | 埼玉県 | 茨城県 | 栃木県 | 群馬県東海愛知県 | 静岡県 | 岐阜県 | 三重県関西大阪府 | 兵庫県 | 京都府 | 滋賀県 | 奈良県 | 和歌山県中国岡山県 | 広島県 | 島根県 | 鳥取県 | 山口県四国愛媛県 | 香川県 | 高知県 | 徳島県九州・沖縄福岡県 | 佐賀県 | 長崎県 | 熊本県 | 大分県 | 宮崎県 | 鹿児島県 | 沖縄県,,,https://www.esthe-ranking.jp/osakaminami/shop-detail/3b7a3a34-0847-4863-8f0a-a9fd2fff93a5/,https://www.baranihonba184.info/,日本橋駅5番出口,080-6693-8989,12:00～翌 05:00
癒しの空間,日本橋駅6番出口,北海道・東北北海道 | 青森県 | 岩手県 | 宮城県 | 秋田県 | 山形県 | 福島県甲信越・北陸山梨県 | 長野県 | 新潟県 | 富山県 | 石川県 | 福井県関東東京都 | 神奈川県 | 千葉県 | 埼玉県 | 茨城県 | 栃木県 | 群馬県東海愛知県 | 静岡県 | 岐阜県 | 三重県関西大阪府 | 兵庫県 | 京都府 | 滋賀県 | 奈良県 | 和歌山県中国岡山県 | 広島県 | 島根県 | 鳥取県 | 山口県四国愛媛県 | 香川県 | 高知県 | 徳島県九州・沖縄福岡県 | 佐賀県 | 長崎県 | 熊本県 | 大分県 | 宮崎県 | 鹿児島県 | 沖縄県,,,https://www.esthe-ranking.jp/osakaminami/shop-detail/862f5712-0cd0-43ee-a96f-3ffff328f182/,https://shop2.es-johokan.com/iyashinokukan-n/,日本橋駅6番出口,080-2944-5041,24時間営業
スケVガール,日本橋駅7番出口,北海道・東北北海道 | 青森県 | 岩手県 | 宮城県 | 秋田県 | 山形県 | 福島県甲信越・北陸山梨県 | 長野県 | 新潟県 | 富山県 | 石川県 | 福井県関東東京都 | 神奈川県 | 千葉県 | 埼玉県 | 茨城県 | 栃木県 | 群馬県東海愛知県 | 静岡県 | 岐阜県 | 三重県関西大阪府 | 兵庫県 | 京都府 | 滋賀県 | 奈良県 | 和歌山県中国岡山県 | 広島県 | 島根県 | 鳥取県 | 山口県四国愛媛県 | 香川県 | 高知県 | 徳島県九州・沖縄福岡県 | 佐賀県 | 長崎県 | 熊本県 | 大分県 | 宮崎県 | 鹿児島県 | 沖縄県,,,https://www.esthe-ranking.jp/osakaminami/shop-detail/bca2ab4f-3816-4b29-9254-2de04a5f394b/,https://www.sukevgal184.info/,日本橋駅7番出口,070-4787-5588,11:00～翌 01:00
Youki （陽気）,日本橋駅5番出口,北海道・東北北海道 | 青森県 | 岩手県 | 宮城県 | 秋田県 | 山形県 | 福島県甲信越・北陸山梨県 | 長野県 | 新潟県 | 富山県 | 石川県 | 福井県関東東京都 | 神奈川県 | 千葉県 | 埼玉県 | 茨城県 | 栃木県 | 群馬県東海愛知県 | 静岡県 | 岐阜県 | 三重県関西大阪府 | 兵庫県 | 京都府 | 滋賀県 | 奈良県 | 和歌山県中国岡山県 | 広島県 | 島根県 | 鳥取県 | 山口県四国愛媛県 | 香川県 | 高知県 | 徳島県九州・沖縄福岡県 | 佐賀県 | 長崎県 | 熊本県 | 大分県 | 宮崎県 | 鹿児島県 | 沖縄県,,,https://www.esthe-ranking.jp/osakaminami/shop-detail/f80119b8-d845-4471-a550-5986ac3a38d1/,https://www.youki184.info/,日本橋駅5番出口,090-1925-5158,24時間営業
SUN（サン）,難波駅25番出口,北海道・東北北海道 | 青森県 | 岩手県 | 宮城県 | 秋田県 | 山形県 | 福島県甲信越・北陸山梨県 | 長野県 | 新潟県 | 富山県 | 石川県 | 福井県関東東京都 | 神奈川県 | 千葉県 | 埼玉県 | 茨城県 | 栃木県 | 群馬県東海愛知県 | 静岡県 | 岐阜県 | 三重県関西大阪府 | 兵庫県 | 京都府 | 滋賀県 | 奈良県 | 和歌山県中国岡山県 | 広島県 | 島根県 | 鳥取県 | 山口県四国愛媛県 | 香川県 | 高知県 | 徳島県九州・沖縄福岡県 | 佐賀県 | 長崎県 | 熊本県 | 大分県 | 宮崎県 | 鹿児島県 | 沖縄県,,,https://www.esthe-ranking.jp/osakaminami/shop-detail/af7e2426-a8b4-4908-b6c9-e0817b4b8741/,https://shop.es-johokan.com/sun/,難波駅25番出口,070-1780-5588,12:00～LAST
ミナミ,日本橋駅5番出口,北海道・東北北海道 | 青森県 | 岩手県 | 宮城県 | 秋田県 | 山形県 | 福島県甲信越・北陸山梨県 | 長野県 | 新潟県 | 富山県 | 石川県 | 福井県関東東京都 | 神奈川県 | 千葉県 | 埼玉県 | 茨城県 | 栃木県 | 群馬県東海愛知県 | 静岡県 | 岐阜県 | 三重県関西大阪府 | 兵庫県 | 京都府 | 滋賀県 | 奈良県 | 和歌山県中国岡山県 | 広島県 | 島根県 | 鳥取県 | 山口県四国愛媛県 | 香川県 | 高知県 | 徳島県九州・沖縄福岡県 | 佐賀県 | 長崎県 | 熊本県 | 大分県 | 宮崎県 | 鹿児島県 | 沖縄県,,,https://www.esthe-ranking.jp/osakaminami/shop-detail/bf6208e4-d799-4797-a5fd-179c6ceb0b46/,http://minamimassage.loveyaku.com/,日本橋駅5番出口徒歩2分,080-9609-5066,12:00～LAST
ロイヤル,日本橋駅5番出口,北海道・東北北海道 | 青森県 | 岩手県 | 宮城県 | 秋田県 | 山形県 | 福島県甲信越・北陸山梨県 | 長野県 | 新潟県 | 富山県 | 石川県 | 福井県関東東京都 | 神奈川県 | 千葉県 | 埼玉県 | 茨城県 | 栃木県 | 群馬県東海愛知県 | 静岡県 | 岐阜県 | 三重県関西大阪府 | 兵庫県 | 京都府 | 滋賀県 | 奈良県 | 和歌山県中国岡山県 | 広島県 | 島根県 | 鳥取県 | 山口県四国愛媛県 | 香川県 | 高知県 | 徳島県九州・沖縄福岡県 | 佐賀県 | 長崎県 | 熊本県 | 大分県 | 宮崎県 | 鹿児島県 | 沖縄県,,,https://www.esthe-ranking.jp/osakaminami/shop-detail/104ec32f-5261-4e88-86bc-9297f84ef6e1/,https://www.kansai-es.com/royal/,日本橋駅5番出口,06-6644-5776,11:30～翌 02:30
美人SPA,日本橋駅7番出口,北海道・東北北海道 | 青森県 | 岩手県 | 宮城県 | 秋田県 | 山形県 | 福島県甲信越・北陸山梨県 | 長野県 | 新潟県 | 富山県 | 石川県 | 福井県関東東京都 | 神奈川県 | 千葉県 | 埼玉県 | 茨城県 | 栃木県 | 群馬県東海愛知県 | 静岡県 | 岐阜県 | 三重県関西大阪府 | 兵庫県 | 京都府 | 滋賀県 | 奈良県 | 和歌山県中国岡山県 | 広島県 | 島根県 | 鳥取県 | 山口県四国愛媛県 | 香川県 | 高知県 | 徳島県九州・沖縄福岡県 | 佐賀県 | 長崎県 | 熊本県 | 大分県 | 宮崎県 | 鹿児島県 | 沖縄県,,,https://www.esthe-ranking.jp/osakaminami/shop-detail/798f46ee-b38d-4300-953a-f9bcd635bd8f/,https://www.bijinspaniho184.info/,日本橋駅7番出口,090-4603-9685,11:00～翌 05:00
濡れ濡れSPA,日本橋駅7番出口,北海道・東北北海道 | 青森県 | 岩手県 | 宮城県 | 秋田県 | 山形県 | 福島県甲信越・北陸山梨県 | 長野県 | 新潟県 | 富山県 | 石川県 | 福井県関東東京都 | 神奈川県 | 千葉県 | 埼玉県 | 茨城県 | 栃木県 | 群馬県東海愛知県 | 静岡県 | 岐阜県 | 三重県関西大阪府 | 兵庫県 | 京都府 | 滋賀県 | 奈良県 | 和歌山県中国岡山県 | 広島県 | 島根県 | 鳥取県 | 山口県四国愛媛県 | 香川県 | 高知県 | 徳島県九州・沖縄福岡県 | 佐賀県 | 長崎県 | 熊本県 | 大分県 | 宮崎県 | 鹿児島県 | 沖縄県,,,https://www.esthe-ranking.jp/osakaminami/shop-detail/5d009721-5af1-4d92-9300-4bdf378ad0c2/,https://www.nurenurespa184.info/,日本橋駅7番出口,070-9129-2365,12:00～翌 05:00
ALFA by theSea（アルファバイザシー）,日本橋駅6番出口,北海道・東北北海道 | 青森県 | 岩手県 | 宮城県 | 秋田県 | 山形県 | 福島県甲信越・北陸山梨県 | 長野県 | 新潟県 | 富山県 | 石川県 | 福井県関東東京都 | 神奈川県 | 千葉県 | 埼玉県 | 茨城県 | 栃木県 | 群馬県東海愛知県 | 静岡県 | 岐阜県 | 三重県関西大阪府 | 兵庫県 | 京都府 | 滋賀県 | 奈良県 | 和歌山県中国岡山県 | 広島県 | 島根県 | 鳥取県 | 山口県四国愛媛県 | 香川県 | 高知県 | 徳島県九州・沖縄福岡県 | 佐賀県 | 長崎県 | 熊本県 | 大分県 | 宮崎県 | 鹿児島県 | 沖縄県,,,https://www.esthe-ranking.jp/osakaminami/shop-detail/73250ef5-014b-4b88-92f8-dbb841650752/,https://www.alfa1688.com/,日本橋駅6番出口 徒歩2分,090-9268-7799,12:00～LAST
Alice（アリス）,難波駅E7出口,北海道・東北北海道 | 青森県 | 岩手県 | 宮城県 | 秋田県 | 山形県 | 福島県甲信越・北陸山梨県 | 長野県 | 新潟県 | 富山県 | 石川県 | 福井県関東東京都 | 神奈川県 | 千葉県 | 埼玉県 | 茨城県 | 栃木県 | 群馬県東海愛知県 | 静岡県 | 岐阜県 | 三重県関西大阪府 | 兵庫県 | 京都府 | 滋賀県 | 奈良県 | 和歌山県中国岡山県 | 広島県 | 島根県 | 鳥取県 | 山口県四国愛媛県 | 香川県 | 高知県 | 徳島県九州・沖縄福岡県 | 佐賀県 | 長崎県 | 熊本県 | 大分県 | 宮崎県 | 鹿児島県 | 沖縄県,,,https://www.esthe-ranking.jp/osakaminami/shop-detail/ed033e3a-e0c4-4c45-a641-7f7397573374/,http://www.alice184.info/,アクセス欄に住所あり,090-3706-0778,12:00～翌 02:00
恋メンズエステ,なんば駅,大阪・大阪市浪速区難波中 メンズエステ,,,https://www.esthe-ranking.jp/osakaminami/shop-detail/2ce770be-f139-4610-b6e7-eea13c05309b/,http://koimassage.loveyaku.com/,なんば駅徒歩2分,080-9166-8298,12:00～LAST
艶女美人（えんじょびじん）,難波駅5番出口,北海道・東北北海道 | 青森県 | 岩手県 | 宮城県 | 秋田県 | 山形県 | 福島県甲信越・北陸山梨県 | 長野県 | 新潟県 | 富山県 | 石川県 | 福井県関東東京都 | 神奈川県 | 千葉県 | 埼玉県 | 茨城県 | 栃木県 | 群馬県東海愛知県 | 静岡県 | 岐阜県 | 三重県関西大阪府 | 兵庫県 | 京都府 | 滋賀県 | 奈良県 | 和歌山県中国岡山県 | 広島県 | 島根県 | 鳥取県 | 山口県四国愛媛県 | 香川県 | 高知県 | 徳島県九州・沖縄福岡県 | 佐賀県 | 長崎県 | 熊本県 | 大分県 | 宮崎県 | 鹿児島県 | 沖縄県,,,https://www.esthe-ranking.jp/osakaminami/shop-detail/2f7aafeb-36bf-4022-8da5-1e4a1f83d360/,http://www.osakanamba-massage-girl.net/,難波駅5番出口,080-3828-2185,12:00～LAST
サパ,なんば駅14番口,北海道・東北北海道 | 青森県 | 岩手県 | 宮城県 | 秋田県 | 山形県 | 福島県甲信越・北陸山梨県 | 長野県 | 新潟県 | 富山県 | 石川県 | 福井県関東東京都 | 神奈川県 | 千葉県 | 埼玉県 | 茨城県 | 栃木県 | 群馬県東海愛知県 | 静岡県 | 岐阜県 | 三重県関西大阪府 | 兵庫県 | 京都府 | 滋賀県 | 奈良県 | 和歌山県中国岡山県 | 広島県 | 島根県 | 鳥取県 | 山口県四国愛媛県 | 香川県 | 高知県 | 徳島県九州・沖縄福岡県 | 佐賀県 | 長崎県 | 熊本県 | 大分県 | 宮崎県 | 鹿児島県 | 沖縄県,,,https://www.esthe-ranking.jp/osakaminami/shop-detail/d1fdcac8-ba33-4987-bb47-7d2a9e9ca877/,https://www.kansai-es.com/sapa/,なんば駅14番口,06-6214-2468,11:00～翌 02:00
夢の彼女,日本橋駅7番出口,北海道・東北北海道 | 青森県 | 岩手県 | 宮城県 | 秋田県 | 山形県 | 福島県甲信越・北陸山梨県 | 長野県 | 新潟県 | 富山県 | 石川県 | 福井県関東東京都 | 神奈川県 | 千葉県 | 埼玉県 | 茨城県 | 栃木県 | 群馬県東海愛知県 | 静岡県 | 岐阜県 | 三重県関西大阪府 | 兵庫県 | 京都府 | 滋賀県 | 奈良県 | 和歌山県中国岡山県 | 広島県 | 島根県 | 鳥取県 | 山口県四国愛媛県 | 香川県 | 高知県 | 徳島県九州・沖縄福岡県 | 佐賀県 | 長崎県 | 熊本県 | 大分県 | 宮崎県 | 鹿児島県 | 沖縄県,,,https://www.esthe-ranking.jp/osakaminami/shop-detail/c6523d82-2baf-4643-a374-362e57bdf5b6/,https://www.yumekanoj184.info/,日本橋駅7番出口,080-4308-6868,11:00～翌 05:00
ドキドキスタイル,日本橋駅10番出口,北海道・東北北海道 | 青森県 | 岩手県 | 宮城県 | 秋田県 | 山形県 | 福島県甲信越・北陸山梨県 | 長野県 | 新潟県 | 富山県 | 石川県 | 福井県関東東京都 | 神奈川県 | 千葉県 | 埼玉県 | 茨城県 | 栃木県 | 群馬県東海愛知県 | 静岡県 | 岐阜県 | 三重県関西大阪府 | 兵庫県 | 京都府 | 滋賀県 | 奈良県 | 和歌山県中国岡山県 | 広島県 | 島根県 | 鳥取県 | 山口県四国愛媛県 | 香川県 | 高知県 | 徳島県九州・沖縄福岡県 | 佐賀県 | 長崎県 | 熊本県 | 大分県 | 宮崎県 | 鹿児島県 | 沖縄県,,,https://www.esthe-ranking.jp/osakaminami/shop-detail/37c8c942-c76f-43dc-9bb0-0fdc7cde11a4/,https://shop2.es-johokan.com/dokidokistyle/,日本橋駅10番出口,080-8084-0077,11:00～翌 01:00
H＆B,日本橋駅2番出口,北海道・東北北海道 | 青森県 | 岩手県 | 宮城県 | 秋田県 | 山形県 | 福島県甲信越・北陸山梨県 | 長野県 | 新潟県 | 富山県 | 石川県 | 福井県関東東京都 | 神奈川県 | 千葉県 | 埼玉県 | 茨城県 | 栃木県 | 群馬県東海愛知県 | 静岡県 | 岐阜県 | 三重県関西大阪府 | 兵庫県 | 京都府 | 滋賀県 | 奈良県 | 和歌山県中国岡山県 | 広島県 | 島根県 | 鳥取県 | 山口県四国愛媛県 | 香川県 | 高知県 | 徳島県九州・沖縄福岡県 | 佐賀県 | 長崎県 | 熊本県 | 大分県 | 宮崎県 | 鹿児島県 | 沖縄県,,,https://www.esthe-ranking.jp/osakaminami/shop-detail/70e0d3b7-3a7f-4a97-b198-9601ad72de09/,https://shop2.es-johokan.com/h-b-relaxation/,日本橋駅2番出口,06-6212-2966,13:00～翌 03:00
BlueSpa（ブルースパ）,日本橋駅2番出口,北海道・東北北海道 | 青森県 | 岩手県 | 宮城県 | 秋田県 | 山形県 | 福島県甲信越・北陸山梨県 | 長野県 | 新潟県 | 富山県 | 石川県 | 福井県関東東京都 | 神奈川県 | 千葉県 | 埼玉県 | 茨城県 | 栃木県 | 群馬県東海愛知県 | 静岡県 | 岐阜県 | 三重県関西大阪府 | 兵庫県 | 京都府 | 滋賀県 | 奈良県 | 和歌山県中国岡山県 | 広島県 | 島根県 | 鳥取県 | 山口県四国愛媛県 | 香川県 | 高知県 | 徳島県九州・沖縄福岡県 | 佐賀県 | 長崎県 | 熊本県 | 大分県 | 宮崎県 | 鹿児島県 | 沖縄県,,,https://www.esthe-ranking.jp/osakaminami/shop-detail/e3c436cd-97cb-4cc5-bf77-a1f0a96e37ef/,https://www.bluespa184.info/,日本橋駅2番出口徒歩2分,090-3711-1117,14:00～LAST
乙女ベッド,日本橋駅7番出口,北海道・東北北海道 | 青森県 | 岩手県 | 宮城県 | 秋田県 | 山形県 | 福島県甲信越・北陸山梨県 | 長野県 | 新潟県 | 富山県 | 石川県 | 福井県関東東京都 | 神奈川県 | 千葉県 | 埼玉県 | 茨城県 | 栃木県 | 群馬県東海愛知県 | 静岡県 | 岐阜県 | 三重県関西大阪府 | 兵庫県 | 京都府 | 滋賀県 | 奈良県 | 和歌山県中国岡山県 | 広島県 | 島根県 | 鳥取県 | 山口県四国愛媛県 | 香川県 | 高知県 | 徳島県九州・沖縄福岡県 | 佐賀県 | 長崎県 | 熊本県 | 大分県 | 宮崎県 | 鹿児島県 | 沖縄県,,,https://www.esthe-ranking.jp/osakaminami/shop-detail/f8ce0ad7-fb9e-432f-82fb-cc1f79ae0027/,https://www.otomebed184.info/,日本橋駅7番出口徒歩3分,080-2042-5140,11:00～翌 05:00
ハーモニー～harmony～,なんば駅31番出口,北海道・東北北海道 | 青森県 | 岩手県 | 宮城県 | 秋田県 | 山形県 | 福島県甲信越・北陸山梨県 | 長野県 | 新潟県 | 富山県 | 石川県 | 福井県関東東京都 | 神奈川県 | 千葉県 | 埼玉県 | 茨城県 | 栃木県 | 群馬県東海愛知県 | 静岡県 | 岐阜県 | 三重県関西大阪府 | 兵庫県 | 京都府 | 滋賀県 | 奈良県 | 和歌山県中国岡山県 | 広島県 | 島根県 | 鳥取県 | 山口県四国愛媛県 | 香川県 | 高知県 | 徳島県九州・沖縄福岡県 | 佐賀県 | 長崎県 | 熊本県 | 大分県 | 宮崎県 | 鹿児島県 | 沖縄県,,,https://www.esthe-ranking.jp/osakaminami/shop-detail/a74e310a-96fe-45d0-8783-fa4a4deb67c5/,https://shop2.es-johokan.com/harmony-n/,なんば駅31番出口徒歩1分,090-1607-8739,12:00～LAST
YUU（ユー）,日本橋駅5番出口,北海道・東北北海道 | 青森県 | 岩手県 | 宮城県 | 秋田県 | 山形県 | 福島県甲信越・北陸山梨県 | 長野県 | 新潟県 | 富山県 | 石川県 | 福井県関東東京都 | 神奈川県 | 千葉県 | 埼玉県 | 茨城県 | 栃木県 | 群馬県東海愛知県 | 静岡県 | 岐阜県 | 三重県関西大阪府 | 兵庫県 | 京都府 | 滋賀県 | 奈良県 | 和歌山県中国岡山県 | 広島県 | 島根県 | 鳥取県 | 山口県四国愛媛県 | 香川県 | 高知県 | 徳島県九州・沖縄福岡県 | 佐賀県 | 長崎県 | 熊本県 | 大分県 | 宮崎県 | 鹿児島県 | 沖縄県,,,https://www.esthe-ranking.jp/osakaminami/shop-detail/d0e7f8f8-cc9e-4ed6-9ac8-0f52df879055/,https://shop2.es-johokan.com/yuu-n/,日本橋駅5番出口,06-7410-6258,11:00～24:00
デカメロン美女,日本橋駅7番出口,北海道・東北北海道 | 青森県 | 岩手県 | 宮城県 | 秋田県 | 山形県 | 福島県甲信越・北陸山梨県 | 長野県 | 新潟県 | 富山県 | 石川県 | 福井県関東東京都 | 神奈川県 | 千葉県 | 埼玉県 | 茨城県 | 栃木県 | 群馬県東海愛知県 | 静岡県 | 岐阜県 | 三重県関西大阪府 | 兵庫県 | 京都府 | 滋賀県 | 奈良県 | 和歌山県中国岡山県 | 広島県 | 島根県 | 鳥取県 | 山口県四国愛媛県 | 香川県 | 高知県 | 徳島県九州・沖縄福岡県 | 佐賀県 | 長崎県 | 熊本県 | 大分県 | 宮崎県 | 鹿児島県 | 沖縄県,,,https://www.esthe-ranking.jp/osakaminami/shop-detail/191b65f1-7c35-4a95-8bf8-497e9e217bef/,https://www.dekameronbjo184.info/,日本橋駅7番出口,080-4817-5083,11:00～翌 01:00
シエル,日本橋7番出口,北海道・東北北海道 | 青森県 | 岩手県 | 宮城県 | 秋田県 | 山形県 | 福島県甲信越・北陸山梨県 | 長野県 | 新潟県 | 富山県 | 石川県 | 福井県関東東京都 | 神奈川県 | 千葉県 | 埼玉県 | 茨城県 | 栃木県 | 群馬県東海愛知県 | 静岡県 | 岐阜県 | 三重県関西大阪府 | 兵庫県 | 京都府 | 滋賀県 | 奈良県 | 和歌山県中国岡山県 | 広島県 | 島根県 | 鳥取県 | 山口県四国愛媛県 | 香川県 | 高知県 | 徳島県九州・沖縄福岡県 | 佐賀県 | 長崎県 | 熊本県 | 大分県 | 宮崎県 | 鹿児島県 | 沖縄県,,,https://www.esthe-ranking.jp/osakaminami/shop-detail/fa75e2bd-8842-47fc-b9ea-e70b559f73f4/,https://ciel.iest.in/,日本橋7番出口徒歩2分,090-6558-5228,11:00～24:00
プリンプリン彼女,日本橋駅8番出口,北海道・東北北海道 | 青森県 | 岩手県 | 宮城県 | 秋田県 | 山形県 | 福島県甲信越・北陸山梨県 | 長野県 | 新潟県 | 富山県 | 石川県 | 福井県関東東京都 | 神奈川県 | 千葉県 | 埼玉県 | 茨城県 | 栃木県 | 群馬県東海愛知県 | 静岡県 | 岐阜県 | 三重県関西大阪府 | 兵庫県 | 京都府 | 滋賀県 | 奈良県 | 和歌山県中国岡山県 | 広島県 | 島根県 | 鳥取県 | 山口県四国愛媛県 | 香川県 | 高知県 | 徳島県九州・沖縄福岡県 | 佐賀県 | 長崎県 | 熊本県 | 大分県 | 宮崎県 | 鹿児島県 | 沖縄県,,,https://www.esthe-ranking.jp/osakaminami/shop-detail/52727afc-7072-4db6-9935-bdacc6687a16/,https://www.purinpurin184.info/,日本橋駅8番出口,070-1778-2888,11:00～翌 05:00
えびす,恵美須町駅1-B東出口1分,北海道・東北北海道 | 青森県 | 岩手県 | 宮城県 | 秋田県 | 山形県 | 福島県甲信越・北陸山梨県 | 長野県 | 新潟県 | 富山県 | 石川県 | 福井県関東東京都 | 神奈川県 | 千葉県 | 埼玉県 | 茨城県 | 栃木県 | 群馬県東海愛知県 | 静岡県 | 岐阜県 | 三重県関西大阪府 | 兵庫県 | 京都府 | 滋賀県 | 奈良県 | 和歌山県中国岡山県 | 広島県 | 島根県 | 鳥取県 | 山口県四国愛媛県 | 香川県 | 高知県 | 徳島県九州・沖縄福岡県 | 佐賀県 | 長崎県 | 熊本県 | 大分県 | 宮崎県 | 鹿児島県 | 沖縄県,,,https://www.esthe-ranking.jp/osakaminami/shop-detail/026c3277-46b2-4b57-9c3c-8a9bf3c9657b/,https://shop.es-johokan.com/ebisu/,アクセス欄に住所あり,080-4764-0696,10:00～翌 02:00
リフレ本舗,恵美須町駅,北海道・東北北海道 | 青森県 | 岩手県 | 宮城県 | 秋田県 | 山形県 | 福島県甲信越・北陸山梨県 | 長野県 | 新潟県 | 富山県 | 石川県 | 福井県関東東京都 | 神奈川県 | 千葉県 | 埼玉県 | 茨城県 | 栃木県 | 群馬県東海愛知県 | 静岡県 | 岐阜県 | 三重県関西大阪府 | 兵庫県 | 京都府 | 滋賀県 | 奈良県 | 和歌山県中国岡山県 | 広島県 | 島根県 | 鳥取県 | 山口県四国愛媛県 | 香川県 | 高知県 | 徳島県九州・沖縄福岡県 | 佐賀県 | 長崎県 | 熊本県 | 大分県 | 宮崎県 | 鹿児島県 | 沖縄県,,,https://www.esthe-ranking.jp/osakaminami/shop-detail/9af8ae9d-5217-49bb-8bda-f7dc181ab824/,https://shop.es-johokan.com/refurean/,アクセス欄に住所あり,080-9501-1817,12:00～24:00
美姬,玉造駅3番出口,大阪府大阪市中央区玉造１丁目６−２４,,,https://www.esthe-ranking.jp/tanikyu/shop-detail/d6e9ca94-24c3-43b2-a6a8-425e4f044652/,https://bihime-tmtskr.iest.in/,玉造駅3番出口徒歩1分,090-3194-6436,12:00～24:30
激安の恋基地,西田辺駅4番出口,"34.61913811222749, 135.5146382211911",34.61913811222749,135.5146382211911,https://www.esthe-ranking.jp/tanikyu/shop-detail/cc8ff35a-03c5-4807-84cc-6d0b1d89bdb1/,https://www.gekiyasukoi184.info/,付近でお電話を,090-7109-0560,24時間営業
シックスセンス（6thSense）,谷町六丁目駅7番出口1分,大阪府大阪市中央区上本町西１丁目５−１８,,,https://www.esthe-ranking.jp/tanikyu/shop-detail/74bf6185-f5f6-44fa-a6df-6838bac945a4/,https://os-rank.xyz/,谷町六丁目駅7番出口1分,080-6262-5777,11:00～翌 01:00
Royal Honey,谷町九丁目駅3番出口,谷町九丁目駅,,,https://www.esthe-ranking.jp/tanikyu/shop-detail/49fbb977-914e-494a-90a4-6ab267efafd1/,https://favorite-time.iest.in/,谷町九丁目駅3番出口に着いたら、電話ください。,070-9147-7667,24時間営業
Come on（カモン）,谷町九丁目駅1番出口,"34.666611053440384, 135.51244446087554",34.666611053440384,135.51244446087554,https://www.esthe-ranking.jp/tanikyu/shop-detail/e58d99e6-aac2-4132-ad8d-84c54e018205/,https://www.comon184.info/,谷町九丁目駅1番出口,080-4288-9081,12:00～翌 03:00
極楽SPA,喜連瓜破駅・鶴橋駅,喜連瓜破駅,,,https://www.esthe-ranking.jp/tanikyu/shop-detail/9cee4c4b-2a47-4c34-851b-f314a62d264c/,http://gorakuspa.mensest.xyz/,アクセス欄に住所あり,050-6882-8816,11:00～翌 02:00
せかいすぱ 谷町九丁目店,谷町九丁目駅1番出口,"34.666999044760146, 135.51346754473875",34.666999044760146,135.51346754473875,https://www.esthe-ranking.jp/tanikyu/shop-detail/7af79272-4f0a-4d1d-9c4b-e534c844fa6e/,http://asf.xin-jnd.online/,谷町九丁目駅1番出口,080-3146-5892,12:00～翌 03:00
ワインレッドのこころ,谷町九丁目駅1番出口,大阪府大阪市中央区谷町９丁目５−２８,,,https://www.esthe-ranking.jp/tanikyu/shop-detail/cb01664a-1ef8-4b9e-8f94-a96f666a054b/,https://shop2.es-johokan.com/winerednokokoro-t/,谷町九丁目駅1番出口徒歩2分,090-1283-9966,12:00～23:00
まんきつガール,谷町九丁目駅1番出口,北海道・東北北海道 | 青森県 | 岩手県 | 宮城県 | 秋田県 | 山形県 | 福島県甲信越・北陸山梨県 | 長野県 | 新潟県 | 富山県 | 石川県 | 福井県関東東京都 | 神奈川県 | 千葉県 | 埼玉県 | 茨城県 | 栃木県 | 群馬県東海愛知県 | 静岡県 | 岐阜県 | 三重県関西大阪府 | 兵庫県 | 京都府 | 滋賀県 | 奈良県 | 和歌山県中国岡山県 | 広島県 | 島根県 | 鳥取県 | 山口県四国愛媛県 | 香川県 | 高知県 | 徳島県九州・沖縄福岡県 | 佐賀県 | 長崎県 | 熊本県 | 大分県 | 宮崎県 | 鹿児島県 | 沖縄県,,,https://www.esthe-ranking.jp/tanikyu/shop-detail/3e68f4bd-ecb5-4a9f-9b20-039756652f76/,https://www.mankitugirl184.info/,谷町九丁目駅1番出口,080-3842-6999,11:00～翌 05:00
にゃあー,谷町9丁目駅3番出口,北海道・東北北海道 | 青森県 | 岩手県 | 宮城県 | 秋田県 | 山形県 | 福島県甲信越・北陸山梨県 | 長野県 | 新潟県 | 富山県 | 石川県 | 福井県関東東京都 | 神奈川県 | 千葉県 | 埼玉県 | 茨城県 | 栃木県 | 群馬県東海愛知県 | 静岡県 | 岐阜県 | 三重県関西大阪府 | 兵庫県 | 京都府 | 滋賀県 | 奈良県 | 和歌山県中国岡山県 | 広島県 | 島根県 | 鳥取県 | 山口県四国愛媛県 | 香川県 | 高知県 | 徳島県九州・沖縄福岡県 | 佐賀県 | 長崎県 | 熊本県 | 大分県 | 宮崎県 | 鹿児島県 | 沖縄県,,,https://www.esthe-ranking.jp/tanikyu/shop-detail/7b834785-b0b3-436d-8112-7c8c820bb797/,https://www.nyaa184.info/,谷町9丁目駅3番出口,080-9169-1666,11:30～LAST
ぐりくり女子,谷町九丁目駅1番出口,北海道・東北北海道 | 青森県 | 岩手県 | 宮城県 | 秋田県 | 山形県 | 福島県甲信越・北陸山梨県 | 長野県 | 新潟県 | 富山県 | 石川県 | 福井県関東東京都 | 神奈川県 | 千葉県 | 埼玉県 | 茨城県 | 栃木県 | 群馬県東海愛知県 | 静岡県 | 岐阜県 | 三重県関西大阪府 | 兵庫県 | 京都府 | 滋賀県 | 奈良県 | 和歌山県中国岡山県 | 広島県 | 島根県 | 鳥取県 | 山口県四国愛媛県 | 香川県 | 高知県 | 徳島県九州・沖縄福岡県 | 佐賀県 | 長崎県 | 熊本県 | 大分県 | 宮崎県 | 鹿児島県 | 沖縄県,,,https://www.esthe-ranking.jp/tanikyu/shop-detail/91361033-202e-48aa-8b63-e8a76b47a4b3/,https://www.gurikurijo184.info/,谷町九丁目駅1番出口,070-1828-1999,11:00～翌 05:00
癒してね～,谷町九丁目駅3番出口,北海道・東北北海道 | 青森県 | 岩手県 | 宮城県 | 秋田県 | 山形県 | 福島県甲信越・北陸山梨県 | 長野県 | 新潟県 | 富山県 | 石川県 | 福井県関東東京都 | 神奈川県 | 千葉県 | 埼玉県 | 茨城県 | 栃木県 | 群馬県東海愛知県 | 静岡県 | 岐阜県 | 三重県関西大阪府 | 兵庫県 | 京都府 | 滋賀県 | 奈良県 | 和歌山県中国岡山県 | 広島県 | 島根県 | 鳥取県 | 山口県四国愛媛県 | 香川県 | 高知県 | 徳島県九州・沖縄福岡県 | 佐賀県 | 長崎県 | 熊本県 | 大分県 | 宮崎県 | 鹿児島県 | 沖縄県,,,https://www.esthe-ranking.jp/tanikyu/shop-detail/c2112609-fedc-4d6e-b1f6-978e5c38bbb5/,https://iyashitene.iest.in/,谷町九丁目駅3番出口徒歩1分,070-4815-6350,24時間営業
長月,谷町六丁目駅,北海道・東北北海道 | 青森県 | 岩手県 | 宮城県 | 秋田県 | 山形県 | 福島県甲信越・北陸山梨県 | 長野県 | 新潟県 | 富山県 | 石川県 | 福井県関東東京都 | 神奈川県 | 千葉県 | 埼玉県 | 茨城県 | 栃木県 | 群馬県東海愛知県 | 静岡県 | 岐阜県 | 三重県関西大阪府 | 兵庫県 | 京都府 | 滋賀県 | 奈良県 | 和歌山県中国岡山県 | 広島県 | 島根県 | 鳥取県 | 山口県四国愛媛県 | 香川県 | 高知県 | 徳島県九州・沖縄福岡県 | 佐賀県 | 長崎県 | 熊本県 | 大分県 | 宮崎県 | 鹿児島県 | 沖縄県,,,https://www.esthe-ranking.jp/tanikyu/shop-detail/b27dac17-f7e9-4574-a232-3e5995762fd2/,https://shop.es-johokan.com/tyogetu/,アクセス欄に住所あり,080-9472-0890,11:00～LAST
pure heart,近鉄八尾駅・藤井寺駅・河内天美駅,大阪府八尾市光町１丁目５８,,,https://www.esthe-ranking.jp/higashiosaka/shop-detail/55c9319e-255e-40be-9b54-7b1e2e561bf7/,http://pure-heart.msk-111.site/,地図の位置に着きましたら、ご連絡ください。,080-2875-1826,12:00～翌 02:00
恋人,高井田中央駅・布施駅,大阪府東大阪市川俣１丁目１−３９,,,https://www.esthe-ranking.jp/higashiosaka/shop-detail/3e6b180e-b560-4ffb-97c5-7b6265b4649c/,http://lover.msk-111.site/,地図の位置に着きましたら、ご連絡ください。,080-9827-8899,12:00～翌 02:00
CoCo,河内天美駅西口,"34.5851457125432, 135.53557574323",34.5851457125432,135.53557574323,https://www.esthe-ranking.jp/higashiosaka/shop-detail/3b1ba0a2-a392-43c0-8bda-2d04b5a7d346/,http://xn--vckg5a5c7c8c1czd.in.net/,河内天美駅西口徒歩2分,080-6862-5858,09:00～翌 03:00
花海,布施駅,"34.66027964257666, 135.56259936045802",34.66027964257666,135.56259936045802,https://www.esthe-ranking.jp/higashiosaka/shop-detail/b1c76a38-fc39-430b-9088-16e929ccb6fc/,http://flower.sh-hahagfd.tokyo/,布施駅徒歩5分,080-8491-9216,10:00～LAST
鑫（しん）,布施駅,"34.662272, 135.563495",34.662272,135.563495,https://www.esthe-ranking.jp/higashiosaka/shop-detail/ff0c1203-d6be-421d-a250-42741b1777fa/,http://source.sh-dsw.tokyo/,布施駅から徒歩3分！クーポン有り♪心身共に潤うような充実した癒しをご提供いたします☆極上の美女セラピストたちによる癒しなら、リピートしたくなること間違いなし！,080-4393-8808,11:00～翌 01:00
癒しノ天使,近鉄八尾駅西口,大阪府八尾市北本町２丁目４−２,,,https://www.esthe-ranking.jp/higashiosaka/shop-detail/2564bb53-4bc9-434c-b21d-25178eb05a47/,https://iyashitenshi.iest.in/,近鉄八尾駅西口徒歩1分,080-9604-9988,12:00～翌 01:00
サラン,布施駅,"34.66509223542335, 135.5612889664606",34.66509223542335,135.5612889664606,https://www.esthe-ranking.jp/higashiosaka/shop-detail/3eaac23a-a4b7-44c9-8379-85d04e3e2484/,http://saran.idk-dx.cfd/,地図の位置に着きましたら、ご連絡ください。,080-4021-7218,10:00～翌 05:00
秋桜（Fall cherry tree）,近鉄八尾駅西出口,大阪府八尾市本町7-11-10,,,https://www.esthe-ranking.jp/higashiosaka/shop-detail/5e557136-a1e6-4fab-a66f-1759b91a6473/,https://fall-cherry-tree-yao.jimdofree.com/,近鉄八尾駅西出口徒歩2分,070-1807-1888,12:00～翌 01:00
夢（ゆめ）,吉田駅2番出口,"34.680024440290616, 135.6222996321098",34.680024440290616,135.6222996321098,https://www.esthe-ranking.jp/higashiosaka/shop-detail/d56dbf5e-5fb9-43db-8f0e-8e66b5a89758/,http://forever-est.com/,「地点」に着きましたら、お電話ください。,080-6268-5858,09:00～翌 03:00
Rose Healing（ローズヒーリング）,布施駅,大阪府東大阪市長堂1丁目3-10,,,https://www.esthe-ranking.jp/higashiosaka/shop-detail/f49a728c-d10a-4947-a8f2-f0752ee96432/,https://www.rosehealin184.info/,布施駅徒歩2分,070-2276-5968,11:00～翌 02:00
純心スパ,布施駅北口,北海道・東北北海道 | 青森県 | 岩手県 | 宮城県 | 秋田県 | 山形県 | 福島県甲信越・北陸山梨県 | 長野県 | 新潟県 | 富山県 | 石川県 | 福井県関東東京都 | 神奈川県 | 千葉県 | 埼玉県 | 茨城県 | 栃木県 | 群馬県東海愛知県 | 静岡県 | 岐阜県 | 三重県関西大阪府 | 兵庫県 | 京都府 | 滋賀県 | 奈良県 | 和歌山県中国岡山県 | 広島県 | 島根県 | 鳥取県 | 山口県四国愛媛県 | 香川県 | 高知県 | 徳島県九州・沖縄福岡県 | 佐賀県 | 長崎県 | 熊本県 | 大分県 | 宮崎県 | 鹿児島県 | 沖縄県,,,https://www.esthe-ranking.jp/higashiosaka/shop-detail/0656edb8-2fe9-43e5-9f79-b97a2eb33695/,https://www.junsinfuse184.info/,布施駅北口徒歩2分,080-5892-7582,10:30～24:30
八尾癒しの国,近鉄八尾駅,北海道・東北北海道 | 青森県 | 岩手県 | 宮城県 | 秋田県 | 山形県 | 福島県甲信越・北陸山梨県 | 長野県 | 新潟県 | 富山県 | 石川県 | 福井県関東東京都 | 神奈川県 | 千葉県 | 埼玉県 | 茨城県 | 栃木県 | 群馬県東海愛知県 | 静岡県 | 岐阜県 | 三重県関西大阪府 | 兵庫県 | 京都府 | 滋賀県 | 奈良県 | 和歌山県中国岡山県 | 広島県 | 島根県 | 鳥取県 | 山口県四国愛媛県 | 香川県 | 高知県 | 徳島県九州・沖縄福岡県 | 佐賀県 | 長崎県 | 熊本県 | 大分県 | 宮崎県 | 鹿児島県 | 沖縄県,,,https://www.esthe-ranking.jp/higashiosaka/shop-detail/922c6b59-fe95-4df8-bc62-6d5badb58ad2/,https://shop2.es-johokan.com/yaoiyashinokuni/,アクセス欄に住所あり,080-9356-6688,12:00～翌 02:00
桜～sakura～,布施駅中央出口,北海道・東北北海道 | 青森県 | 岩手県 | 宮城県 | 秋田県 | 山形県 | 福島県甲信越・北陸山梨県 | 長野県 | 新潟県 | 富山県 | 石川県 | 福井県関東東京都 | 神奈川県 | 千葉県 | 埼玉県 | 茨城県 | 栃木県 | 群馬県東海愛知県 | 静岡県 | 岐阜県 | 三重県関西大阪府 | 兵庫県 | 京都府 | 滋賀県 | 奈良県 | 和歌山県中国岡山県 | 広島県 | 島根県 | 鳥取県 | 山口県四国愛媛県 | 香川県 | 高知県 | 徳島県九州・沖縄福岡県 | 佐賀県 | 長崎県 | 熊本県 | 大分県 | 宮崎県 | 鹿児島県 | 沖縄県,,,https://www.esthe-ranking.jp/higashiosaka/shop-detail/def0d99d-d24b-4a5e-a9aa-39466021b778/,https://www.sakurafuse184.info/,アクセス欄に住所あり,080-4763-2779,12:00～LAST
ピアーズ,八尾駅,北海道・東北北海道 | 青森県 | 岩手県 | 宮城県 | 秋田県 | 山形県 | 福島県甲信越・北陸山梨県 | 長野県 | 新潟県 | 富山県 | 石川県 | 福井県関東東京都 | 神奈川県 | 千葉県 | 埼玉県 | 茨城県 | 栃木県 | 群馬県東海愛知県 | 静岡県 | 岐阜県 | 三重県関西大阪府 | 兵庫県 | 京都府 | 滋賀県 | 奈良県 | 和歌山県中国岡山県 | 広島県 | 島根県 | 鳥取県 | 山口県四国愛媛県 | 香川県 | 高知県 | 徳島県九州・沖縄福岡県 | 佐賀県 | 長崎県 | 熊本県 | 大分県 | 宮崎県 | 鹿児島県 | 沖縄県,,,https://www.esthe-ranking.jp/higashiosaka/shop-detail/551c972b-3aa4-494d-92ab-44b31c90b03a/,https://shop2.es-johokan.com/piaaz-k/,アクセス欄に住所あり,080-5639-4311,13:00～翌 02:00
麗（Rei）,布施駅,北海道・東北北海道 | 青森県 | 岩手県 | 宮城県 | 秋田県 | 山形県 | 福島県甲信越・北陸山梨県 | 長野県 | 新潟県 | 富山県 | 石川県 | 福井県関東東京都 | 神奈川県 | 千葉県 | 埼玉県 | 茨城県 | 栃木県 | 群馬県東海愛知県 | 静岡県 | 岐阜県 | 三重県関西大阪府 | 兵庫県 | 京都府 | 滋賀県 | 奈良県 | 和歌山県中国岡山県 | 広島県 | 島根県 | 鳥取県 | 山口県四国愛媛県 | 香川県 | 高知県 | 徳島県九州・沖縄福岡県 | 佐賀県 | 長崎県 | 熊本県 | 大分県 | 宮崎県 | 鹿児島県 | 沖縄県,,,https://www.esthe-ranking.jp/higashiosaka/shop-detail/b6b64876-d427-466f-961d-6aae5ddd63e4/,https://rei-relaxation.cyou/,布施駅徒歩3分,090-7491-6688,11:30～翌 03:00
ときめき彼女,近鉄八尾駅中央北口,北海道・東北北海道 | 青森県 | 岩手県 | 宮城県 | 秋田県 | 山形県 | 福島県甲信越・北陸山梨県 | 長野県 | 新潟県 | 富山県 | 石川県 | 福井県関東東京都 | 神奈川県 | 千葉県 | 埼玉県 | 茨城県 | 栃木県 | 群馬県東海愛知県 | 静岡県 | 岐阜県 | 三重県関西大阪府 | 兵庫県 | 京都府 | 滋賀県 | 奈良県 | 和歌山県中国岡山県 | 広島県 | 島根県 | 鳥取県 | 山口県四国愛媛県 | 香川県 | 高知県 | 徳島県九州・沖縄福岡県 | 佐賀県 | 長崎県 | 熊本県 | 大分県 | 宮崎県 | 鹿児島県 | 沖縄県,,,https://www.esthe-ranking.jp/higashiosaka/shop-detail/d9750fc5-6176-41c2-ac0e-7a96e67c9c5e/,https://www.tokimekikano184.info/,アクセス欄に住所あり,080-9125-6483,11:00～翌 01:00
夢のひととき,布施駅中央北出口,北海道・東北北海道 | 青森県 | 岩手県 | 宮城県 | 秋田県 | 山形県 | 福島県甲信越・北陸山梨県 | 長野県 | 新潟県 | 富山県 | 石川県 | 福井県関東東京都 | 神奈川県 | 千葉県 | 埼玉県 | 茨城県 | 栃木県 | 群馬県東海愛知県 | 静岡県 | 岐阜県 | 三重県関西大阪府 | 兵庫県 | 京都府 | 滋賀県 | 奈良県 | 和歌山県中国岡山県 | 広島県 | 島根県 | 鳥取県 | 山口県四国愛媛県 | 香川県 | 高知県 | 徳島県九州・沖縄福岡県 | 佐賀県 | 長崎県 | 熊本県 | 大分県 | 宮崎県 | 鹿児島県 | 沖縄県,,,https://www.esthe-ranking.jp/higashiosaka/shop-detail/304c8e37-38eb-4e8f-b455-e22351186adb/,https://www.yumenohitotoki.com/,布施駅中央北出口徒歩2分,067-164-2053,12:00～翌 05:00
可愛い恋人,守口市駅,守口市駅,,,https://www.esthe-ranking.jp/kyobashi/shop-detail/f622f9c5-1c15-4553-a41a-09961d1df2a6/,http://sh-lianren.hfml24.xyz/,守口市駅徒歩3分,090-2595-7999,12:00～翌 01:00
Spin,京橋駅,大阪府大阪市都島区片町２丁目２−５３,,,https://www.esthe-ranking.jp/kyobashi/shop-detail/c6772b33-f956-4484-91a5-a6c139092320/,http://spin.menzu-esute.top/,京橋駅徒歩2分,080-1763-0141,10:30～翌 01:30
甜心（てんしん）,大日駅,"34.7532590149146, 135.5826966924846",34.7532590149146,135.5826966924846,https://www.esthe-ranking.jp/kyobashi/shop-detail/270b27c5-9b1b-4485-8de5-19258d6ddf68/,https://tennsin-esute.navi.mn/,アクセス欄に緯度経度と住所あり,080-2960-4344,10:00～翌 02:00
悠然庵,京橋駅,大阪府大阪市都島区東野田町5-2-18,,,https://www.esthe-ranking.jp/kyobashi/shop-detail/e19f5f70-8ddd-4b7e-ba02-5e86e54e0ead/,https://you-zenan.navi.mn/,アクセス欄に住所あり,050-6871-9252,11:00～翌 02:00
Bad Girl,枚方市駅・土居駅・京橋駅,大阪府枚方市新町１丁目１３−４８,,,https://www.esthe-ranking.jp/kyobashi/shop-detail/6092f08b-91df-4412-b557-035f61b4feb4/,http://bad-girl.menzu-xvg.sbs/,地図の位置に着きましたら、ご連絡ください。,080-7421-4499,12:00～翌 02:00
エンジェル,守口市駅,エンジェル 守口市のリラクゼーション,,,https://www.esthe-ranking.jp/kyobashi/shop-detail/511f6721-4df0-4042-949b-7ff8c17d26fb/,https://shop.es-johokan.com/angel-o/,アクセス欄に住所あり,06-6967-8066,12:00～LAST
楽楽,枚方市駅,枚方市アジアンエステ,,,https://www.esthe-ranking.jp/kyobashi/shop-detail/7a6bff5b-e10e-48d0-8fbe-908f7a290f57/,https://www.rakuraku-relaxations.com/,枚方市駅徒歩7分,070-8577-0913,13:00～22:00
女神,京阪守口市駅,大阪・京阪守口市 リラクゼーションエステ「女神」,,,https://www.esthe-ranking.jp/kyobashi/shop-detail/036f068e-da84-4b86-bd9a-b2cca199b7fe/,https://shop2.es-johokan.com/megami-mo/,アクセス欄に住所あり,070-1760-3629,12:00～LAST(京阪守口市駅1分)
ぬるぬるキャット,京橋駅,北海道・東北北海道 | 青森県 | 岩手県 | 宮城県 | 秋田県 | 山形県 | 福島県甲信越・北陸山梨県 | 長野県 | 新潟県 | 富山県 | 石川県 | 福井県関東東京都 | 神奈川県 | 千葉県 | 埼玉県 | 茨城県 | 栃木県 | 群馬県東海愛知県 | 静岡県 | 岐阜県 | 三重県関西大阪府 | 兵庫県 | 京都府 | 滋賀県 | 奈良県 | 和歌山県中国岡山県 | 広島県 | 島根県 | 鳥取県 | 山口県四国愛媛県 | 香川県 | 高知県 | 徳島県九州・沖縄福岡県 | 佐賀県 | 長崎県 | 熊本県 | 大分県 | 宮崎県 | 鹿児島県 | 沖縄県,,,https://www.esthe-ranking.jp/kyobashi/shop-detail/1f6feec2-a7ff-42df-929b-87062494060f/,http://cat.sh-dlq1.tokyo/,京橋駅徒歩3分,080-6902-0431,11:00～翌 03:00
爽楽園,京橋駅,北海道・東北北海道 | 青森県 | 岩手県 | 宮城県 | 秋田県 | 山形県 | 福島県甲信越・北陸山梨県 | 長野県 | 新潟県 | 富山県 | 石川県 | 福井県関東東京都 | 神奈川県 | 千葉県 | 埼玉県 | 茨城県 | 栃木県 | 群馬県東海愛知県 | 静岡県 | 岐阜県 | 三重県関西大阪府 | 兵庫県 | 京都府 | 滋賀県 | 奈良県 | 和歌山県中国岡山県 | 広島県 | 島根県 | 鳥取県 | 山口県四国愛媛県 | 香川県 | 高知県 | 徳島県九州・沖縄福岡県 | 佐賀県 | 長崎県 | 熊本県 | 大分県 | 宮崎県 | 鹿児島県 | 沖縄県,,,https://www.esthe-ranking.jp/kyobashi/shop-detail/fd95b86f-3321-4c96-9228-561a4d1ad7b2/,https://shop2.es-johokan.com/sourakuen-k/,アクセス欄に住所あり,06-6353-5508,11:00～LAST
ひまわり,大日駅,北海道・東北北海道 | 青森県 | 岩手県 | 宮城県 | 秋田県 | 山形県 | 福島県甲信越・北陸山梨県 | 長野県 | 新潟県 | 富山県 | 石川県 | 福井県関東東京都 | 神奈川県 | 千葉県 | 埼玉県 | 茨城県 | 栃木県 | 群馬県東海愛知県 | 静岡県 | 岐阜県 | 三重県関西大阪府 | 兵庫県 | 京都府 | 滋賀県 | 奈良県 | 和歌山県中国岡山県 | 広島県 | 島根県 | 鳥取県 | 山口県四国愛媛県 | 香川県 | 高知県 | 徳島県九州・沖縄福岡県 | 佐賀県 | 長崎県 | 熊本県 | 大分県 | 宮崎県 | 鹿児島県 | 沖縄県,,,https://www.esthe-ranking.jp/kyobashi/shop-detail/3c6c97aa-3f98-49c0-b19e-4ea9d0dc1c78/,http://sun.sh-kio.tokyo/,大日駅徒歩5分,080-7281-4499,11:00～翌 02:00
美人SPA,大阪城北詰駅1番出口,北海道・東北北海道 | 青森県 | 岩手県 | 宮城県 | 秋田県 | 山形県 | 福島県甲信越・北陸山梨県 | 長野県 | 新潟県 | 富山県 | 石川県 | 福井県関東東京都 | 神奈川県 | 千葉県 | 埼玉県 | 茨城県 | 栃木県 | 群馬県東海愛知県 | 静岡県 | 岐阜県 | 三重県関西大阪府 | 兵庫県 | 京都府 | 滋賀県 | 奈良県 | 和歌山県中国岡山県 | 広島県 | 島根県 | 鳥取県 | 山口県四国愛媛県 | 香川県 | 高知県 | 徳島県九州・沖縄福岡県 | 佐賀県 | 長崎県 | 熊本県 | 大分県 | 宮崎県 | 鹿児島県 | 沖縄県,,,https://www.esthe-ranking.jp/kyobashi/shop-detail/cf7561c0-609c-4fd6-825d-ac2054de8961/,https://www.bijinkitatum184.info/,大阪城北詰駅1番出口,090-7652-7221,11:00～翌 02:30
パロパロクラブ,土居駅,北海道・東北北海道 | 青森県 | 岩手県 | 宮城県 | 秋田県 | 山形県 | 福島県甲信越・北陸山梨県 | 長野県 | 新潟県 | 富山県 | 石川県 | 福井県関東東京都 | 神奈川県 | 千葉県 | 埼玉県 | 茨城県 | 栃木県 | 群馬県東海愛知県 | 静岡県 | 岐阜県 | 三重県関西大阪府 | 兵庫県 | 京都府 | 滋賀県 | 奈良県 | 和歌山県中国岡山県 | 広島県 | 島根県 | 鳥取県 | 山口県四国愛媛県 | 香川県 | 高知県 | 徳島県九州・沖縄福岡県 | 佐賀県 | 長崎県 | 熊本県 | 大分県 | 宮崎県 | 鹿児島県 | 沖縄県,,,https://www.esthe-ranking.jp/kyobashi/shop-detail/e68ec6c2-ce55-4696-a2df-00b0c69093f6/,http://hanemun.sh-cyt.tokyo/,土居駅徒歩3分,090-7256-6493,11:00～翌 03:00
PAL,大阪城北詰駅2番出口,北海道・東北北海道 | 青森県 | 岩手県 | 宮城県 | 秋田県 | 山形県 | 福島県甲信越・北陸山梨県 | 長野県 | 新潟県 | 富山県 | 石川県 | 福井県関東東京都 | 神奈川県 | 千葉県 | 埼玉県 | 茨城県 | 栃木県 | 群馬県東海愛知県 | 静岡県 | 岐阜県 | 三重県関西大阪府 | 兵庫県 | 京都府 | 滋賀県 | 奈良県 | 和歌山県中国岡山県 | 広島県 | 島根県 | 鳥取県 | 山口県四国愛媛県 | 香川県 | 高知県 | 徳島県九州・沖縄福岡県 | 佐賀県 | 長崎県 | 熊本県 | 大分県 | 宮崎県 | 鹿児島県 | 沖縄県,,,https://www.esthe-ranking.jp/kyobashi/shop-detail/68c75b51-d6be-4a4c-8be3-6f0da1fde1cf/,https://www.palosakajyo184.info/,大阪城北詰駅2番出口,080-4984-6288,11:00～24:00
萌え娘,十三駅,"34.72086917143971, 135.4839064597509",34.72086917143971,135.4839064597509,https://www.esthe-ranking.jp/juso/shop-detail/0998e26c-7d99-4202-921c-e39bdba9a659/,http://cute-girl.msk-111.site/,アクセス欄に緯度経度と住所あり,080-7421-4499,12:00～翌 02:00
ラブラブの部屋,十三駅西口,"34.71777848465287, 135.48018883451462",34.71777848465287,135.48018883451462,https://www.esthe-ranking.jp/juso/shop-detail/fd6551bc-d8eb-4e01-82ed-1fe9653a8011/,https://lovelove.rankuens.com/,十三駅西口徒歩4分,080-2670-1040,11:00～翌 02:00
ベトナムピーチ,十三駅,十三駅,,,https://www.esthe-ranking.jp/juso/shop-detail/e04dc959-6361-446a-a446-f3af37265089/,http://peach.jjk-dx.cfd/,十三駅徒歩2分,070-3077-7443,11:00～LAST
十三楼（じゅうそうろう）,十三駅,大阪府大阪市淀川区新北野１丁目８−13,,,https://www.esthe-ranking.jp/juso/shop-detail/b60d0c2b-5636-4dc3-a53e-b4bbf1405927/,http://jyusanro.refle.shop/,（お近くに着いたら、ご連絡ください）,090-2729-5052,11:00～翌 02:00
美少女〜first class〜,十三駅,"34°43'06.3""N 135°28'47.5""E",,,https://www.esthe-ranking.jp/juso/shop-detail/d8060523-6468-4e5b-a6f4-3a42088de49c/,https://shop2.es-johokan.com/firstclass-j/,十三駅に新規オープン。十三駅から徒歩5分と近く、完全個室のリラクゼーシサロンです。可愛いセラピストが極上,080-3763-5990,12:00～LAST
雅美,十三駅西口,大阪府大阪市淀川区十三本町1丁目14-20,,,https://www.esthe-ranking.jp/juso/shop-detail/7dbbd3fb-fc17-471e-bfd7-664c6b536fb8/,https://shop2.es-johokan.com/masabi-j/,アクセス欄に住所あり,090-7348-1005,12:00～翌 05:00
ベリーベリー,十三駅西口,北海道・東北北海道 | 青森県 | 岩手県 | 宮城県 | 秋田県 | 山形県 | 福島県甲信越・北陸山梨県 | 長野県 | 新潟県 | 富山県 | 石川県 | 福井県関東東京都 | 神奈川県 | 千葉県 | 埼玉県 | 茨城県 | 栃木県 | 群馬県東海愛知県 | 静岡県 | 岐阜県 | 三重県関西大阪府 | 兵庫県 | 京都府 | 滋賀県 | 奈良県 | 和歌山県中国岡山県 | 広島県 | 島根県 | 鳥取県 | 山口県四国愛媛県 | 香川県 | 高知県 | 徳島県九州・沖縄福岡県 | 佐賀県 | 長崎県 | 熊本県 | 大分県 | 宮崎県 | 鹿児島県 | 沖縄県,,,https://www.esthe-ranking.jp/juso/shop-detail/40d9e6ac-f670-46c8-858f-3a2ba453a381/,http://www.berryberry184.info/,十三駅西口徒歩1分,090-9113-1417,24時間営業
憩い,十三駅東口,北海道・東北北海道 | 青森県 | 岩手県 | 宮城県 | 秋田県 | 山形県 | 福島県甲信越・北陸山梨県 | 長野県 | 新潟県 | 富山県 | 石川県 | 福井県関東東京都 | 神奈川県 | 千葉県 | 埼玉県 | 茨城県 | 栃木県 | 群馬県東海愛知県 | 静岡県 | 岐阜県 | 三重県関西大阪府 | 兵庫県 | 京都府 | 滋賀県 | 奈良県 | 和歌山県中国岡山県 | 広島県 | 島根県 | 鳥取県 | 山口県四国愛媛県 | 香川県 | 高知県 | 徳島県九州・沖縄福岡県 | 佐賀県 | 長崎県 | 熊本県 | 大分県 | 宮崎県 | 鹿児島県 | 沖縄県,,,https://www.esthe-ranking.jp/juso/shop-detail/b01dbc18-ac41-4bde-a77a-72486d3ae0e2/,https://www.kansai-es.com/ikoi/,十三駅東口徒歩1分,06-6305-3545,10:00～翌 01:00
Dearest（ディアレスト）,十三駅西出口,北海道・東北北海道 | 青森県 | 岩手県 | 宮城県 | 秋田県 | 山形県 | 福島県甲信越・北陸山梨県 | 長野県 | 新潟県 | 富山県 | 石川県 | 福井県関東東京都 | 神奈川県 | 千葉県 | 埼玉県 | 茨城県 | 栃木県 | 群馬県東海愛知県 | 静岡県 | 岐阜県 | 三重県関西大阪府 | 兵庫県 | 京都府 | 滋賀県 | 奈良県 | 和歌山県中国岡山県 | 広島県 | 島根県 | 鳥取県 | 山口県四国愛媛県 | 香川県 | 高知県 | 徳島県九州・沖縄福岡県 | 佐賀県 | 長崎県 | 熊本県 | 大分県 | 宮崎県 | 鹿児島県 | 沖縄県,,,https://www.esthe-ranking.jp/juso/shop-detail/16590160-bae0-4fe0-9e27-bf9abe5d7a65/,https://www.dearest184.info/,十三駅西出口徒歩2分,090-4358-3207,11:00～LAST
フェアリー 妖精,十三駅西口,北海道・東北北海道 | 青森県 | 岩手県 | 宮城県 | 秋田県 | 山形県 | 福島県甲信越・北陸山梨県 | 長野県 | 新潟県 | 富山県 | 石川県 | 福井県関東東京都 | 神奈川県 | 千葉県 | 埼玉県 | 茨城県 | 栃木県 | 群馬県東海愛知県 | 静岡県 | 岐阜県 | 三重県関西大阪府 | 兵庫県 | 京都府 | 滋賀県 | 奈良県 | 和歌山県中国岡山県 | 広島県 | 島根県 | 鳥取県 | 山口県四国愛媛県 | 香川県 | 高知県 | 徳島県九州・沖縄福岡県 | 佐賀県 | 長崎県 | 熊本県 | 大分県 | 宮崎県 | 鹿児島県 | 沖縄県,,,https://www.esthe-ranking.jp/juso/shop-detail/3dc6e12e-226d-42de-bd47-62ba8fb1ea63/,https://www.yoseijyuso184.info/,アクセス欄に住所あり,090-6769-9581,11:30～翌 01:30
十三整体園,十三駅西口,北海道・東北北海道 | 青森県 | 岩手県 | 宮城県 | 秋田県 | 山形県 | 福島県甲信越・北陸山梨県 | 長野県 | 新潟県 | 富山県 | 石川県 | 福井県関東東京都 | 神奈川県 | 千葉県 | 埼玉県 | 茨城県 | 栃木県 | 群馬県東海愛知県 | 静岡県 | 岐阜県 | 三重県関西大阪府 | 兵庫県 | 京都府 | 滋賀県 | 奈良県 | 和歌山県中国岡山県 | 広島県 | 島根県 | 鳥取県 | 山口県四国愛媛県 | 香川県 | 高知県 | 徳島県九州・沖縄福岡県 | 佐賀県 | 長崎県 | 熊本県 | 大分県 | 宮崎県 | 鹿児島県 | 沖縄県,,,https://www.esthe-ranking.jp/juso/shop-detail/696e0951-2cb7-4539-908a-d97e9dd9d39b/,https://shop2.es-johokan.com/jusoseitaien-j/,アクセス欄に住所あり,06-6302-1311,12:00～LAST
なごみ庵,十三駅西出口,北海道・東北北海道 | 青森県 | 岩手県 | 宮城県 | 秋田県 | 山形県 | 福島県甲信越・北陸山梨県 | 長野県 | 新潟県 | 富山県 | 石川県 | 福井県関東東京都 | 神奈川県 | 千葉県 | 埼玉県 | 茨城県 | 栃木県 | 群馬県東海愛知県 | 静岡県 | 岐阜県 | 三重県関西大阪府 | 兵庫県 | 京都府 | 滋賀県 | 奈良県 | 和歌山県中国岡山県 | 広島県 | 島根県 | 鳥取県 | 山口県四国愛媛県 | 香川県 | 高知県 | 徳島県九州・沖縄福岡県 | 佐賀県 | 長崎県 | 熊本県 | 大分県 | 宮崎県 | 鹿児島県 | 沖縄県,,,https://www.esthe-ranking.jp/juso/shop-detail/c27aec83-e63a-4a4b-a9eb-aaf20ee80191/,https://www.nagomi13184.info/,アクセス欄に住所あり,06-7713-1497,12:00～翌 03:00
喜,十三駅東口,北海道・東北北海道 | 青森県 | 岩手県 | 宮城県 | 秋田県 | 山形県 | 福島県甲信越・北陸山梨県 | 長野県 | 新潟県 | 富山県 | 石川県 | 福井県関東東京都 | 神奈川県 | 千葉県 | 埼玉県 | 茨城県 | 栃木県 | 群馬県東海愛知県 | 静岡県 | 岐阜県 | 三重県関西大阪府 | 兵庫県 | 京都府 | 滋賀県 | 奈良県 | 和歌山県中国岡山県 | 広島県 | 島根県 | 鳥取県 | 山口県四国愛媛県 | 香川県 | 高知県 | 徳島県九州・沖縄福岡県 | 佐賀県 | 長崎県 | 熊本県 | 大分県 | 宮崎県 | 鹿児島県 | 沖縄県,,,https://www.esthe-ranking.jp/juso/shop-detail/e71d0cd2-a75b-4608-a09b-73e53c49dd51/,https://www.kansai-es.com/yorokobi/,十三駅東口徒歩1分,06-6307-0321,12:00～翌 01:00
やすらぎ,十三東口,北海道・東北北海道 | 青森県 | 岩手県 | 宮城県 | 秋田県 | 山形県 | 福島県甲信越・北陸山梨県 | 長野県 | 新潟県 | 富山県 | 石川県 | 福井県関東東京都 | 神奈川県 | 千葉県 | 埼玉県 | 茨城県 | 栃木県 | 群馬県東海愛知県 | 静岡県 | 岐阜県 | 三重県関西大阪府 | 兵庫県 | 京都府 | 滋賀県 | 奈良県 | 和歌山県中国岡山県 | 広島県 | 島根県 | 鳥取県 | 山口県四国愛媛県 | 香川県 | 高知県 | 徳島県九州・沖縄福岡県 | 佐賀県 | 長崎県 | 熊本県 | 大分県 | 宮崎県 | 鹿児島県 | 沖縄県,,,https://www.esthe-ranking.jp/juso/shop-detail/746ef3a4-0515-4a9b-bf75-24dd8d6bb904/,https://www.kansai-es.com/yasuragi-j/,十三東口徒歩1分,06-4862-7038,10:00～翌 02:00
天使の肌,淡路駅,大阪府大阪市東淀川区菅原５丁目１１−９,,,https://www.esthe-ranking.jp/nishinakajima/shop-detail/8ad04ce8-06b9-446c-8d43-4e79479d55d2/,https://angel-hada.navi.mn/,アクセス欄に住所あり,080-8836-3419,10:30～翌 02:00
あんあん姫,西中島南方駅,"34°43'35.8""N 135°29'50.9""E",,,https://www.esthe-ranking.jp/nishinakajima/shop-detail/22974aa8-225a-471f-9daa-642158650da4/,https://www.ananhime184.info/,アクセス欄に住所あり,070-8325-0677,11:00～翌 01:30
浪漫（ロマン）,西中島南方駅,"34.725451, 135.500317",34.725451,135.500317,https://www.esthe-ranking.jp/nishinakajima/shop-detail/70b9875a-8394-4868-9a4d-d7afcd7c1b35/,http://www.rom184.info/,大人気有名セラピスト・ソラ復帰！・韓国人モモちゃん入店。西中島南方駅から徒歩2分【口コミ&ご紹介多数の優良店】新大阪駅も近く出張の方にも大人気！新人さんも入店【完全個室】本場韓国あかすり・オイルマッサージ・足踏み全身マッサージ・リンパマッサージ・泡洗体でスッキリ。,06-7493-6580,11:30～LAST
女神の手,西中島南方駅西改札口,大阪市淀川区西中島1-12-15,,,https://www.esthe-ranking.jp/nishinakajima/shop-detail/c55ee717-23f7-4525-89b3-61c68bd4eff4/,http://www.hr184.info/,西中島南方駅から徒歩1分以内【高級個室】超密泡洗体マッサージ！8月10日☆21歳とても可愛い新人入店致しました。濃厚なサービスをご提供いたします！厳選された極上美女。他店と比べてみて、信頼と実績の超人気店です♪,090-3658-6777,11:00～LAST
E〜感じ,西中島南方駅・新大阪駅,大阪府大阪市淀川区西中島６丁目１−11,,,https://www.esthe-ranking.jp/nishinakajima/shop-detail/50ecea05-218f-403f-bc4b-706002b4a965/,http://majyoroom.refle.shop/,（スマイルホテルの近くに着いたら、ご連絡ください）,070-1770-6660,11:00～翌 02:30
月の光,西中島南方駅1番出口,大阪府大阪市淀川区西中島5丁目12-8,,,https://www.esthe-ranking.jp/nishinakajima/shop-detail/96d9215d-99be-44a2-8b93-1d66743cbd23/,https://www.tukinohika184.info/,西中島南方駅1番出口,070-5434-4645,12:00～翌 05:00
桃天使,西中島南方駅北東改札口,大阪府淀川区西中島3-15-13,,,https://www.esthe-ranking.jp/nishinakajima/shop-detail/d514ca9a-e3ae-4411-bcd2-8f753a894fd8/,https://www.momotenshi184.info/,西中島南方駅 徒歩3分,090-9228-1666,11:00～LAST
Iris（アイリス）,西中島南方駅1番出口,大阪府大阪市淀川区西中島3丁目14-17 サンワビル5階,,,https://www.esthe-ranking.jp/nishinakajima/shop-detail/3c06aaf9-80b2-4f05-b9dc-044457a3d4f8/,http://www.iris184.info/,西中島に新オープン・韓国式マッサージエステ・アイリス は、新大阪も近くのエリア高級個室メンズエステ。韓国式あかすり、蒸しタオルマッサージをきれいで優しい韓国女性が存分に癒してくれ、全国からの出張族にも大人気のお店です。,06-6309-6050,12:00～LAST
桃蜜～極上泡泡メンズエステ～,西中島南方駅2番出口,"34.725461228743804, 135.49920079402824",34.725461228743804,135.49920079402824,https://www.esthe-ranking.jp/nishinakajima/shop-detail/ee838a2c-f969-463a-8c87-b9f6136c29b6/,http://bubbles.sh-lfg.tokyo/,阪急南方駅徒歩30秒/西中島南方駅2番出口徒歩1分,080-9608-1237,11:00～LAST
くろタイツ,西中島南方駅1番出口,大阪府大阪市淀川区西中島３丁目１０−５,,,https://www.esthe-ranking.jp/nishinakajima/shop-detail/bd029dee-22a0-4b39-bbf9-cc45cddb2bb5/,https://www.kurotaitu184.info/,西中島南方駅1番出口,080-2554-5476,12:00～翌 02:00
ベトナム天使ちゃん,西中島南方駅,"34.72525807980068, 135.49815563555168",34.72525807980068,135.49815563555168,https://www.esthe-ranking.jp/nishinakajima/shop-detail/cabba0f8-e271-4ebc-af31-a0fb51defca3/,http://angelvietnam.xin-huf.online/,ローソン西中島南方店に着きましたら、ご連絡ください,070-3077-7596,12:00～LAST
個室でまったり王,西中島南方駅1番出口,"34.726278, 135.497056",34.726278,135.497056,https://www.esthe-ranking.jp/nishinakajima/shop-detail/665d18f3-b46c-4735-b0d1-27fe8cbf3aa9/,https://www.kositudemata184.info/,付近でお電話を,070-1738-1303,12:00～翌 05:00
フェアリー,西中島南方駅,大阪府大阪市淀川区西中島１丁目１４−４,,,https://www.esthe-ranking.jp/nishinakajima/shop-detail/68369f79-5d95-4dc6-bccf-fc8f2f69cade/,https://fairy-girl.navi.mn/,アクセス欄に住所あり,050-6871-2244,11:00～翌 02:00
ドキドキ恋人〜極みSPA〜,西中島南方駅1番出口,"34.725890257095365, 135.50017120502739",34.725890257095365,135.50017120502739,https://www.esthe-ranking.jp/nishinakajima/shop-detail/caca3166-c958-4fbe-bf78-22b66f654246/,https://www.dokidokikoib184.info/,西中島南方駅2番出口・1番出口すぐ,080-7112-1688,11:00～翌 04:00(受付：10:30～翌3:30)
恋するリラク,西中島南方駅,大阪府大阪市淀川区西中島1-5-12,,,https://www.esthe-ranking.jp/nishinakajima/shop-detail/7548e764-3a6f-4c30-8021-a7552b5cab76/,https://koi-suru-riraku.navi.mn/,駐車場あり,050-6871-9252,11:00～翌 02:00
ソウル,西中島南方駅1番出口,大阪市淀川区西中島3丁目20-10,,,https://www.esthe-ranking.jp/nishinakajima/shop-detail/185be46c-c382-4a6e-a6a7-d97e512ebb1d/,http://www.seou184.info/,西中島南方駅1番出口,06-6195-2077,12:00～LAST
アモーレ,新大阪駅,大阪市淀川区西中島7－1－1,,,https://www.esthe-ranking.jp/nishinakajima/shop-detail/3db0e0dc-9840-4a68-a4d9-d154aa709baa/,https://rgbrelaxing.wixsite.com/amore,新大阪駅徒歩3分,070-7483-1835,12:00～翌 01:00(受付：12:00～翌6:00)
ドキングすぱ,西中島南方駅1番出口,大阪府大阪市淀川区西中島4丁目7-3,,,https://www.esthe-ranking.jp/nishinakajima/shop-detail/0753ae39-a8b6-40f0-a2cd-551ffeb8fe21/,https://www.dokingspa184.info/,西中島南方駅1番出口,080-5770-5358,11:00～翌 02:00
美咲,西中島南方駅1番出口,"34.725893, 135.500173",34.725893,135.500173,https://www.esthe-ranking.jp/nishinakajima/shop-detail/ff788a57-5e7d-4bfc-bd2e-84577bd0bfdb/,https://shop2.es-johokan.com/misaki-n/,西中島南方駅1番出口,080-6899-1899,12:00～LAST
ぱいぱいにゃんにゃん,新大阪駅東口,北海道・東北北海道 | 青森県 | 岩手県 | 宮城県 | 秋田県 | 山形県 | 福島県甲信越・北陸山梨県 | 長野県 | 新潟県 | 富山県 | 石川県 | 福井県関東東京都 | 神奈川県 | 千葉県 | 埼玉県 | 茨城県 | 栃木県 | 群馬県東海愛知県 | 静岡県 | 岐阜県 | 三重県関西大阪府 | 兵庫県 | 京都府 | 滋賀県 | 奈良県 | 和歌山県中国岡山県 | 広島県 | 島根県 | 鳥取県 | 山口県四国愛媛県 | 香川県 | 高知県 | 徳島県九州・沖縄福岡県 | 佐賀県 | 長崎県 | 熊本県 | 大分県 | 宮崎県 | 鹿児島県 | 沖縄県,,,https://www.esthe-ranking.jp/nishinakajima/shop-detail/553f1f48-e97b-4dcd-a154-82ad67a58be5/,http://paipai.sh-cyt.tokyo/,新大阪駅東口徒歩2分,080-4973-9899,11:00～翌 03:00
きもちすぎて滅,西中島南方駅1番出口,北海道・東北北海道 | 青森県 | 岩手県 | 宮城県 | 秋田県 | 山形県 | 福島県甲信越・北陸山梨県 | 長野県 | 新潟県 | 富山県 | 石川県 | 福井県関東東京都 | 神奈川県 | 千葉県 | 埼玉県 | 茨城県 | 栃木県 | 群馬県東海愛知県 | 静岡県 | 岐阜県 | 三重県関西大阪府 | 兵庫県 | 京都府 | 滋賀県 | 奈良県 | 和歌山県中国岡山県 | 広島県 | 島根県 | 鳥取県 | 山口県四国愛媛県 | 香川県 | 高知県 | 徳島県九州・沖縄福岡県 | 佐賀県 | 長崎県 | 熊本県 | 大分県 | 宮崎県 | 鹿児島県 | 沖縄県,,,https://www.esthe-ranking.jp/nishinakajima/shop-detail/2d2b567a-0b54-49f5-b4c3-df9a55d7ded9/,https://www.kimotisugi184.info/,西中島南方駅1番出口,090-8169-9466,12:00～翌 05:00
バビューン目！,西中島南方駅1番出口,北海道・東北北海道 | 青森県 | 岩手県 | 宮城県 | 秋田県 | 山形県 | 福島県甲信越・北陸山梨県 | 長野県 | 新潟県 | 富山県 | 石川県 | 福井県関東東京都 | 神奈川県 | 千葉県 | 埼玉県 | 茨城県 | 栃木県 | 群馬県東海愛知県 | 静岡県 | 岐阜県 | 三重県関西大阪府 | 兵庫県 | 京都府 | 滋賀県 | 奈良県 | 和歌山県中国岡山県 | 広島県 | 島根県 | 鳥取県 | 山口県四国愛媛県 | 香川県 | 高知県 | 徳島県九州・沖縄福岡県 | 佐賀県 | 長崎県 | 熊本県 | 大分県 | 宮崎県 | 鹿児島県 | 沖縄県,,,https://www.esthe-ranking.jp/nishinakajima/shop-detail/9e422b81-98cf-49e3-b7bd-9126d69fb992/,https://www.babyunme184.info/,西中島南方駅1番出口,070-6684-6859,11:00～翌 05:00
Pattaya （パッタヤ）,西中島南方駅1番出口,北海道・東北北海道 | 青森県 | 岩手県 | 宮城県 | 秋田県 | 山形県 | 福島県甲信越・北陸山梨県 | 長野県 | 新潟県 | 富山県 | 石川県 | 福井県関東東京都 | 神奈川県 | 千葉県 | 埼玉県 | 茨城県 | 栃木県 | 群馬県東海愛知県 | 静岡県 | 岐阜県 | 三重県関西大阪府 | 兵庫県 | 京都府 | 滋賀県 | 奈良県 | 和歌山県中国岡山県 | 広島県 | 島根県 | 鳥取県 | 山口県四国愛媛県 | 香川県 | 高知県 | 徳島県九州・沖縄福岡県 | 佐賀県 | 長崎県 | 熊本県 | 大分県 | 宮崎県 | 鹿児島県 | 沖縄県,,,https://www.esthe-ranking.jp/nishinakajima/shop-detail/a30cd5f0-db26-4001-9c22-259f6b6530e7/,https://shop2.es-johokan.com/pattaya-n/,西中島南方駅1番出口,080-9756-8789,12:00～LAST
オモチャ,西中島南方駅1番出口,北海道・東北北海道 | 青森県 | 岩手県 | 宮城県 | 秋田県 | 山形県 | 福島県甲信越・北陸山梨県 | 長野県 | 新潟県 | 富山県 | 石川県 | 福井県関東東京都 | 神奈川県 | 千葉県 | 埼玉県 | 茨城県 | 栃木県 | 群馬県東海愛知県 | 静岡県 | 岐阜県 | 三重県関西大阪府 | 兵庫県 | 京都府 | 滋賀県 | 奈良県 | 和歌山県中国岡山県 | 広島県 | 島根県 | 鳥取県 | 山口県四国愛媛県 | 香川県 | 高知県 | 徳島県九州・沖縄福岡県 | 佐賀県 | 長崎県 | 熊本県 | 大分県 | 宮崎県 | 鹿児島県 | 沖縄県,,,https://www.esthe-ranking.jp/nishinakajima/shop-detail/d23cec9e-6c5b-426c-8a5b-5537e81fc3d3/,https://www.omotya184.info/,西中島南方駅1番出口,070-5430-3360,12:00～翌 02:00
秘密彼女,新大阪駅,北海道・東北北海道 | 青森県 | 岩手県 | 宮城県 | 秋田県 | 山形県 | 福島県甲信越・北陸山梨県 | 長野県 | 新潟県 | 富山県 | 石川県 | 福井県関東東京都 | 神奈川県 | 千葉県 | 埼玉県 | 茨城県 | 栃木県 | 群馬県東海愛知県 | 静岡県 | 岐阜県 | 三重県関西大阪府 | 兵庫県 | 京都府 | 滋賀県 | 奈良県 | 和歌山県中国岡山県 | 広島県 | 島根県 | 鳥取県 | 山口県四国愛媛県 | 香川県 | 高知県 | 徳島県九州・沖縄福岡県 | 佐賀県 | 長崎県 | 熊本県 | 大分県 | 宮崎県 | 鹿児島県 | 沖縄県,,,https://www.esthe-ranking.jp/nishinakajima/shop-detail/3885706b-cf41-442e-a5d0-6e034d100ded/,http://kiss.sh-tr.tokyo/,新大阪駅徒歩4分,090-4472-6014,12:00～翌 03:00
にゅるリンパ,西中島南方駅2番出口,北海道・東北北海道 | 青森県 | 岩手県 | 宮城県 | 秋田県 | 山形県 | 福島県甲信越・北陸山梨県 | 長野県 | 新潟県 | 富山県 | 石川県 | 福井県関東東京都 | 神奈川県 | 千葉県 | 埼玉県 | 茨城県 | 栃木県 | 群馬県東海愛知県 | 静岡県 | 岐阜県 | 三重県関西大阪府 | 兵庫県 | 京都府 | 滋賀県 | 奈良県 | 和歌山県中国岡山県 | 広島県 | 島根県 | 鳥取県 | 山口県四国愛媛県 | 香川県 | 高知県 | 徳島県九州・沖縄福岡県 | 佐賀県 | 長崎県 | 熊本県 | 大分県 | 宮崎県 | 鹿児島県 | 沖縄県,,,https://www.esthe-ranking.jp/nishinakajima/shop-detail/7402eef1-3ab4-401a-bb61-e2da86f46918/,https://www.nyururinp184.info/,西中島南方駅2番出口,090-7411-9643,11:00～LAST
スイートガール,西中島南方駅1番出口,北海道・東北北海道 | 青森県 | 岩手県 | 宮城県 | 秋田県 | 山形県 | 福島県甲信越・北陸山梨県 | 長野県 | 新潟県 | 富山県 | 石川県 | 福井県関東東京都 | 神奈川県 | 千葉県 | 埼玉県 | 茨城県 | 栃木県 | 群馬県東海愛知県 | 静岡県 | 岐阜県 | 三重県関西大阪府 | 兵庫県 | 京都府 | 滋賀県 | 奈良県 | 和歌山県中国岡山県 | 広島県 | 島根県 | 鳥取県 | 山口県四国愛媛県 | 香川県 | 高知県 | 徳島県九州・沖縄福岡県 | 佐賀県 | 長崎県 | 熊本県 | 大分県 | 宮崎県 | 鹿児島県 | 沖縄県,,,https://www.esthe-ranking.jp/nishinakajima/shop-detail/f013b423-6d06-4e87-aa60-93daa35f6857/,https://s-gaji.xyz/,西中島南方駅1番出口,070-8489-1082,11:00～LAST
もみもみの木であいましょう,西中島南方駅1番出口,北海道・東北北海道 | 青森県 | 岩手県 | 宮城県 | 秋田県 | 山形県 | 福島県甲信越・北陸山梨県 | 長野県 | 新潟県 | 富山県 | 石川県 | 福井県関東東京都 | 神奈川県 | 千葉県 | 埼玉県 | 茨城県 | 栃木県 | 群馬県東海愛知県 | 静岡県 | 岐阜県 | 三重県関西大阪府 | 兵庫県 | 京都府 | 滋賀県 | 奈良県 | 和歌山県中国岡山県 | 広島県 | 島根県 | 鳥取県 | 山口県四国愛媛県 | 香川県 | 高知県 | 徳島県九州・沖縄福岡県 | 佐賀県 | 長崎県 | 熊本県 | 大分県 | 宮崎県 | 鹿児島県 | 沖縄県,,,https://www.esthe-ranking.jp/nishinakajima/shop-detail/b8910fa0-98c6-4f6d-8178-d21eca96790e/,https://www.mominokideai184.info/,西中島南方駅1番出口,070-2452-6677,11:00～翌 05:00
びしょ濡れ悪魔,西中島南方駅1番出口,北海道・東北北海道 | 青森県 | 岩手県 | 宮城県 | 秋田県 | 山形県 | 福島県甲信越・北陸山梨県 | 長野県 | 新潟県 | 富山県 | 石川県 | 福井県関東東京都 | 神奈川県 | 千葉県 | 埼玉県 | 茨城県 | 栃木県 | 群馬県東海愛知県 | 静岡県 | 岐阜県 | 三重県関西大阪府 | 兵庫県 | 京都府 | 滋賀県 | 奈良県 | 和歌山県中国岡山県 | 広島県 | 島根県 | 鳥取県 | 山口県四国愛媛県 | 香川県 | 高知県 | 徳島県九州・沖縄福岡県 | 佐賀県 | 長崎県 | 熊本県 | 大分県 | 宮崎県 | 鹿児島県 | 沖縄県,,,https://www.esthe-ranking.jp/nishinakajima/shop-detail/00bf2f26-3966-4444-b978-5231dfcfd509/,https://www.bsyonureakuma184.info/,西中島南方駅1番出口,070-9100-8091,11:00～翌 01:30
未来～Mirai～,西中島南方駅1番出口,北海道・東北北海道 | 青森県 | 岩手県 | 宮城県 | 秋田県 | 山形県 | 福島県甲信越・北陸山梨県 | 長野県 | 新潟県 | 富山県 | 石川県 | 福井県関東東京都 | 神奈川県 | 千葉県 | 埼玉県 | 茨城県 | 栃木県 | 群馬県東海愛知県 | 静岡県 | 岐阜県 | 三重県関西大阪府 | 兵庫県 | 京都府 | 滋賀県 | 奈良県 | 和歌山県中国岡山県 | 広島県 | 島根県 | 鳥取県 | 山口県四国愛媛県 | 香川県 | 高知県 | 徳島県九州・沖縄福岡県 | 佐賀県 | 長崎県 | 熊本県 | 大分県 | 宮崎県 | 鹿児島県 | 沖縄県,,,https://www.esthe-ranking.jp/nishinakajima/shop-detail/4f5ad041-d74c-4d7a-98db-634a0c9a8d8a/,https://shop2.es-johokan.com/sakura-n/,西中島南方駅1番出口,080-1582-1769,12:00～翌 02:00
ピンクウサギ,西中島南方駅2番出口,北海道・東北北海道 | 青森県 | 岩手県 | 宮城県 | 秋田県 | 山形県 | 福島県甲信越・北陸山梨県 | 長野県 | 新潟県 | 富山県 | 石川県 | 福井県関東東京都 | 神奈川県 | 千葉県 | 埼玉県 | 茨城県 | 栃木県 | 群馬県東海愛知県 | 静岡県 | 岐阜県 | 三重県関西大阪府 | 兵庫県 | 京都府 | 滋賀県 | 奈良県 | 和歌山県中国岡山県 | 広島県 | 島根県 | 鳥取県 | 山口県四国愛媛県 | 香川県 | 高知県 | 徳島県九州・沖縄福岡県 | 佐賀県 | 長崎県 | 熊本県 | 大分県 | 宮崎県 | 鹿児島県 | 沖縄県,,,https://www.esthe-ranking.jp/nishinakajima/shop-detail/6fc47533-ead3-4da2-900c-7f59a56ceefb/,https://www.pinkusagi184.info/,西中島南方駅2番出口徒歩2分,080-2078-8219,12:00～24:00
ムラットAroma,西中島南方駅1番出口,北海道・東北北海道 | 青森県 | 岩手県 | 宮城県 | 秋田県 | 山形県 | 福島県甲信越・北陸山梨県 | 長野県 | 新潟県 | 富山県 | 石川県 | 福井県関東東京都 | 神奈川県 | 千葉県 | 埼玉県 | 茨城県 | 栃木県 | 群馬県東海愛知県 | 静岡県 | 岐阜県 | 三重県関西大阪府 | 兵庫県 | 京都府 | 滋賀県 | 奈良県 | 和歌山県中国岡山県 | 広島県 | 島根県 | 鳥取県 | 山口県四国愛媛県 | 香川県 | 高知県 | 徳島県九州・沖縄福岡県 | 佐賀県 | 長崎県 | 熊本県 | 大分県 | 宮崎県 | 鹿児島県 | 沖縄県,,,https://www.esthe-ranking.jp/nishinakajima/shop-detail/b979b6f3-47bb-4847-9b41-d72db73846b0/,https://www.muramuranisinak184.info/,西中島南方駅1番出口,070-8797-8777,12:00～24:00
猫の誘惑,西中島南方駅2番出口,北海道・東北北海道 | 青森県 | 岩手県 | 宮城県 | 秋田県 | 山形県 | 福島県甲信越・北陸山梨県 | 長野県 | 新潟県 | 富山県 | 石川県 | 福井県関東東京都 | 神奈川県 | 千葉県 | 埼玉県 | 茨城県 | 栃木県 | 群馬県東海愛知県 | 静岡県 | 岐阜県 | 三重県関西大阪府 | 兵庫県 | 京都府 | 滋賀県 | 奈良県 | 和歌山県中国岡山県 | 広島県 | 島根県 | 鳥取県 | 山口県四国愛媛県 | 香川県 | 高知県 | 徳島県九州・沖縄福岡県 | 佐賀県 | 長崎県 | 熊本県 | 大分県 | 宮崎県 | 鹿児島県 | 沖縄県,,,https://www.esthe-ranking.jp/nishinakajima/shop-detail/dcd0e477-3234-4895-a3e7-049527187a63/,https://shop2.es-johokan.com/nekonoyuuwaku-n/,西中島南方駅2番出口,090-6293-8282,11:00～翌 02:00
シーバス,西中島南方駅1番出口,北海道・東北北海道 | 青森県 | 岩手県 | 宮城県 | 秋田県 | 山形県 | 福島県甲信越・北陸山梨県 | 長野県 | 新潟県 | 富山県 | 石川県 | 福井県関東東京都 | 神奈川県 | 千葉県 | 埼玉県 | 茨城県 | 栃木県 | 群馬県東海愛知県 | 静岡県 | 岐阜県 | 三重県関西大阪府 | 兵庫県 | 京都府 | 滋賀県 | 奈良県 | 和歌山県中国岡山県 | 広島県 | 島根県 | 鳥取県 | 山口県四国愛媛県 | 香川県 | 高知県 | 徳島県九州・沖縄福岡県 | 佐賀県 | 長崎県 | 熊本県 | 大分県 | 宮崎県 | 鹿児島県 | 沖縄県,,,https://www.esthe-ranking.jp/nishinakajima/shop-detail/c46844bf-9653-4171-b1cd-b4626ee0db59/,https://shop2.es-johokan.com/chivas/,西中島南方駅1番出口徒歩3分,06-6886-5299,12:00～翌 02:00
New Changthai（ニューチャーンタイ）,西中島南方駅,北海道・東北北海道 | 青森県 | 岩手県 | 宮城県 | 秋田県 | 山形県 | 福島県甲信越・北陸山梨県 | 長野県 | 新潟県 | 富山県 | 石川県 | 福井県関東東京都 | 神奈川県 | 千葉県 | 埼玉県 | 茨城県 | 栃木県 | 群馬県東海愛知県 | 静岡県 | 岐阜県 | 三重県関西大阪府 | 兵庫県 | 京都府 | 滋賀県 | 奈良県 | 和歌山県中国岡山県 | 広島県 | 島根県 | 鳥取県 | 山口県四国愛媛県 | 香川県 | 高知県 | 徳島県九州・沖縄福岡県 | 佐賀県 | 長崎県 | 熊本県 | 大分県 | 宮崎県 | 鹿児島県 | 沖縄県,,,https://www.esthe-ranking.jp/nishinakajima/shop-detail/07eade33-8f5c-4787-bafb-2e353295c9ad/,https://newchangthai-nishinaka.com/,西中島南方駅徒歩1分,06-6302-3115,11:00～LAST
サバイサバイ,西中島南方駅1番出口,北海道・東北北海道 | 青森県 | 岩手県 | 宮城県 | 秋田県 | 山形県 | 福島県甲信越・北陸山梨県 | 長野県 | 新潟県 | 富山県 | 石川県 | 福井県関東東京都 | 神奈川県 | 千葉県 | 埼玉県 | 茨城県 | 栃木県 | 群馬県東海愛知県 | 静岡県 | 岐阜県 | 三重県関西大阪府 | 兵庫県 | 京都府 | 滋賀県 | 奈良県 | 和歌山県中国岡山県 | 広島県 | 島根県 | 鳥取県 | 山口県四国愛媛県 | 香川県 | 高知県 | 徳島県九州・沖縄福岡県 | 佐賀県 | 長崎県 | 熊本県 | 大分県 | 宮崎県 | 鹿児島県 | 沖縄県,,,https://www.esthe-ranking.jp/nishinakajima/shop-detail/0ab7acfe-dc11-44e9-987d-3bbc795e730c/,https://sabaisabai-nishinaka.com/,西中島南方駅1番出口徒歩6分,090-4751-9366,11:00～24:00
タイヘブン,西中島南方駅,北海道・東北北海道 | 青森県 | 岩手県 | 宮城県 | 秋田県 | 山形県 | 福島県甲信越・北陸山梨県 | 長野県 | 新潟県 | 富山県 | 石川県 | 福井県関東東京都 | 神奈川県 | 千葉県 | 埼玉県 | 茨城県 | 栃木県 | 群馬県東海愛知県 | 静岡県 | 岐阜県 | 三重県関西大阪府 | 兵庫県 | 京都府 | 滋賀県 | 奈良県 | 和歌山県中国岡山県 | 広島県 | 島根県 | 鳥取県 | 山口県四国愛媛県 | 香川県 | 高知県 | 徳島県九州・沖縄福岡県 | 佐賀県 | 長崎県 | 熊本県 | 大分県 | 宮崎県 | 鹿児島県 | 沖縄県,,,https://www.esthe-ranking.jp/nishinakajima/shop-detail/f26847ad-cd01-4700-87d1-fad0b0bae220/,https://www.thai-heaven.com/,西中島南方駅徒歩1分,090-8145-2654,12:00～翌 02:00
妹CLUB,西中島南方駅1番出口,北海道・東北北海道 | 青森県 | 岩手県 | 宮城県 | 秋田県 | 山形県 | 福島県甲信越・北陸山梨県 | 長野県 | 新潟県 | 富山県 | 石川県 | 福井県関東東京都 | 神奈川県 | 千葉県 | 埼玉県 | 茨城県 | 栃木県 | 群馬県東海愛知県 | 静岡県 | 岐阜県 | 三重県関西大阪府 | 兵庫県 | 京都府 | 滋賀県 | 奈良県 | 和歌山県中国岡山県 | 広島県 | 島根県 | 鳥取県 | 山口県四国愛媛県 | 香川県 | 高知県 | 徳島県九州・沖縄福岡県 | 佐賀県 | 長崎県 | 熊本県 | 大分県 | 宮崎県 | 鹿児島県 | 沖縄県,,,https://www.esthe-ranking.jp/nishinakajima/shop-detail/afac869d-276f-4f9d-b5ef-d155cf6f79b4/,https://www.imotoclub184.info/,西中島南方駅1番出口,070-5430-7109,12:00～翌 05:00
48手,西中島南方駅1番出口,北海道・東北北海道 | 青森県 | 岩手県 | 宮城県 | 秋田県 | 山形県 | 福島県甲信越・北陸山梨県 | 長野県 | 新潟県 | 富山県 | 石川県 | 福井県関東東京都 | 神奈川県 | 千葉県 | 埼玉県 | 茨城県 | 栃木県 | 群馬県東海愛知県 | 静岡県 | 岐阜県 | 三重県関西大阪府 | 兵庫県 | 京都府 | 滋賀県 | 奈良県 | 和歌山県中国岡山県 | 広島県 | 島根県 | 鳥取県 | 山口県四国愛媛県 | 香川県 | 高知県 | 徳島県九州・沖縄福岡県 | 佐賀県 | 長崎県 | 熊本県 | 大分県 | 宮崎県 | 鹿児島県 | 沖縄県,,,https://www.esthe-ranking.jp/nishinakajima/shop-detail/1782e1d5-da5b-46fa-9f6d-7a166274037e/,https://www.48te184.info/,西中島南方駅1番出口,090-6159-6789,11:00～翌 02:00
水上花〜minakamihana〜,西中島南方駅1番出口,北海道・東北北海道 | 青森県 | 岩手県 | 宮城県 | 秋田県 | 山形県 | 福島県甲信越・北陸山梨県 | 長野県 | 新潟県 | 富山県 | 石川県 | 福井県関東東京都 | 神奈川県 | 千葉県 | 埼玉県 | 茨城県 | 栃木県 | 群馬県東海愛知県 | 静岡県 | 岐阜県 | 三重県関西大阪府 | 兵庫県 | 京都府 | 滋賀県 | 奈良県 | 和歌山県中国岡山県 | 広島県 | 島根県 | 鳥取県 | 山口県四国愛媛県 | 香川県 | 高知県 | 徳島県九州・沖縄福岡県 | 佐賀県 | 長崎県 | 熊本県 | 大分県 | 宮崎県 | 鹿児島県 | 沖縄県,,,https://www.esthe-ranking.jp/nishinakajima/shop-detail/eee27250-6794-4961-b057-035c18d70071/,https://www.minakamihana184.info/,西中島南方駅1番出口,090-1145-0777,12:00～23:00
月の香,大阪西中島南方2番出口,北海道・東北北海道 | 青森県 | 岩手県 | 宮城県 | 秋田県 | 山形県 | 福島県甲信越・北陸山梨県 | 長野県 | 新潟県 | 富山県 | 石川県 | 福井県関東東京都 | 神奈川県 | 千葉県 | 埼玉県 | 茨城県 | 栃木県 | 群馬県東海愛知県 | 静岡県 | 岐阜県 | 三重県関西大阪府 | 兵庫県 | 京都府 | 滋賀県 | 奈良県 | 和歌山県中国岡山県 | 広島県 | 島根県 | 鳥取県 | 山口県四国愛媛県 | 香川県 | 高知県 | 徳島県九州・沖縄福岡県 | 佐賀県 | 長崎県 | 熊本県 | 大分県 | 宮崎県 | 鹿児島県 | 沖縄県,,,https://www.esthe-ranking.jp/nishinakajima/shop-detail/c7c0d1fd-0073-441b-aac8-a9ffe8410a1a/,https://www.tukinokaori184.info/,大阪西中島南方2番出口,080-8727-6812,12:00～LAST
タイ古式マッサージ アノナ,西中島南方駅1番出口,北海道・東北北海道 | 青森県 | 岩手県 | 宮城県 | 秋田県 | 山形県 | 福島県甲信越・北陸山梨県 | 長野県 | 新潟県 | 富山県 | 石川県 | 福井県関東東京都 | 神奈川県 | 千葉県 | 埼玉県 | 茨城県 | 栃木県 | 群馬県東海愛知県 | 静岡県 | 岐阜県 | 三重県関西大阪府 | 兵庫県 | 京都府 | 滋賀県 | 奈良県 | 和歌山県中国岡山県 | 広島県 | 島根県 | 鳥取県 | 山口県四国愛媛県 | 香川県 | 高知県 | 徳島県九州・沖縄福岡県 | 佐賀県 | 長崎県 | 熊本県 | 大分県 | 宮崎県 | 鹿児島県 | 沖縄県,,,https://www.esthe-ranking.jp/nishinakajima/shop-detail/57077ed7-c001-4e1f-ae2f-7bfabb5cd3f6/,https://www.ruby-thaimassage.com/,西中島南方駅1番出口徒歩6分,070-1454-3128,12:00～翌 02:00
カルナ,西中島南方駅,北海道・東北北海道 | 青森県 | 岩手県 | 宮城県 | 秋田県 | 山形県 | 福島県甲信越・北陸山梨県 | 長野県 | 新潟県 | 富山県 | 石川県 | 福井県関東東京都 | 神奈川県 | 千葉県 | 埼玉県 | 茨城県 | 栃木県 | 群馬県東海愛知県 | 静岡県 | 岐阜県 | 三重県関西大阪府 | 兵庫県 | 京都府 | 滋賀県 | 奈良県 | 和歌山県中国岡山県 | 広島県 | 島根県 | 鳥取県 | 山口県四国愛媛県 | 香川県 | 高知県 | 徳島県九州・沖縄福岡県 | 佐賀県 | 長崎県 | 熊本県 | 大分県 | 宮崎県 | 鹿児島県 | 沖縄県,,,https://www.esthe-ranking.jp/nishinakajima/shop-detail/a421d4c7-fc92-45f5-b9dd-0a83a7204967/,https://www.karuna-relax.com/,西中島南方駅徒歩1分,090-2835-6515,11:00～24:00
リラマ～RiRaMa～,西中島南方駅1番出口,北海道・東北北海道 | 青森県 | 岩手県 | 宮城県 | 秋田県 | 山形県 | 福島県甲信越・北陸山梨県 | 長野県 | 新潟県 | 富山県 | 石川県 | 福井県関東東京都 | 神奈川県 | 千葉県 | 埼玉県 | 茨城県 | 栃木県 | 群馬県東海愛知県 | 静岡県 | 岐阜県 | 三重県関西大阪府 | 兵庫県 | 京都府 | 滋賀県 | 奈良県 | 和歌山県中国岡山県 | 広島県 | 島根県 | 鳥取県 | 山口県四国愛媛県 | 香川県 | 高知県 | 徳島県九州・沖縄福岡県 | 佐賀県 | 長崎県 | 熊本県 | 大分県 | 宮崎県 | 鹿児島県 | 沖縄県,,,https://www.esthe-ranking.jp/nishinakajima/shop-detail/3b2c24d8-e5e3-4d3a-98b5-687d82d41651/,https://www.rirama184.info/,西中島南方駅1番出口,070-9175-2395,12:00～LAST
KhonKaen（コンケン）,南方駅,大阪府、南方駅、リラクゼーション,,,https://www.esthe-ranking.jp/nishinakajima/shop-detail/f59260f2-77e6-4de9-8055-a052109de61e/,https://khonkaen-nishinaka.com/,南方駅徒歩1分,080-9007-5902,12:00～LAST
Tonkoon（トンクーン）,西中島南方駅1番出口,北海道・東北北海道 | 青森県 | 岩手県 | 宮城県 | 秋田県 | 山形県 | 福島県甲信越・北陸山梨県 | 長野県 | 新潟県 | 富山県 | 石川県 | 福井県関東東京都 | 神奈川県 | 千葉県 | 埼玉県 | 茨城県 | 栃木県 | 群馬県東海愛知県 | 静岡県 | 岐阜県 | 三重県関西大阪府 | 兵庫県 | 京都府 | 滋賀県 | 奈良県 | 和歌山県中国岡山県 | 広島県 | 島根県 | 鳥取県 | 山口県四国愛媛県 | 香川県 | 高知県 | 徳島県九州・沖縄福岡県 | 佐賀県 | 長崎県 | 熊本県 | 大分県 | 宮崎県 | 鹿児島県 | 沖縄県,,,https://www.esthe-ranking.jp/nishinakajima/shop-detail/18cc8fec-3a32-4ae3-bb4f-a47a39277f3a/,http://www.tonkun184.info/,西中島南方駅1番出口徒歩3分,090-1861-7999,12:00～24:00
縁家（エンヤ）,西中島南方駅2番出,北海道・東北北海道 | 青森県 | 岩手県 | 宮城県 | 秋田県 | 山形県 | 福島県甲信越・北陸山梨県 | 長野県 | 新潟県 | 富山県 | 石川県 | 福井県関東東京都 | 神奈川県 | 千葉県 | 埼玉県 | 茨城県 | 栃木県 | 群馬県東海愛知県 | 静岡県 | 岐阜県 | 三重県関西大阪府 | 兵庫県 | 京都府 | 滋賀県 | 奈良県 | 和歌山県中国岡山県 | 広島県 | 島根県 | 鳥取県 | 山口県四国愛媛県 | 香川県 | 高知県 | 徳島県九州・沖縄福岡県 | 佐賀県 | 長崎県 | 熊本県 | 大分県 | 宮崎県 | 鹿児島県 | 沖縄県,,,https://www.esthe-ranking.jp/nishinakajima/shop-detail/53de3097-0e39-4f7a-b3ab-e26f86e55662/,https://refle-enya.jimdofree.com/,アクセス欄に住所あり,06-6886-1813,11:00～LAST
Nico,西中島南方駅1番出口,北海道・東北北海道 | 青森県 | 岩手県 | 宮城県 | 秋田県 | 山形県 | 福島県甲信越・北陸山梨県 | 長野県 | 新潟県 | 富山県 | 石川県 | 福井県関東東京都 | 神奈川県 | 千葉県 | 埼玉県 | 茨城県 | 栃木県 | 群馬県東海愛知県 | 静岡県 | 岐阜県 | 三重県関西大阪府 | 兵庫県 | 京都府 | 滋賀県 | 奈良県 | 和歌山県中国岡山県 | 広島県 | 島根県 | 鳥取県 | 山口県四国愛媛県 | 香川県 | 高知県 | 徳島県九州・沖縄福岡県 | 佐賀県 | 長崎県 | 熊本県 | 大分県 | 宮崎県 | 鹿児島県 | 沖縄県,,,https://www.esthe-ranking.jp/nishinakajima/shop-detail/94d3cade-d443-467a-a811-289ee347a78f/,http://train.lolipop.jp/nico/,西中島南方駅1番出口,080-6694-9775,11:00～23:00
ハッピー,西中島南方駅1番出口,北海道・東北北海道 | 青森県 | 岩手県 | 宮城県 | 秋田県 | 山形県 | 福島県甲信越・北陸山梨県 | 長野県 | 新潟県 | 富山県 | 石川県 | 福井県関東東京都 | 神奈川県 | 千葉県 | 埼玉県 | 茨城県 | 栃木県 | 群馬県東海愛知県 | 静岡県 | 岐阜県 | 三重県関西大阪府 | 兵庫県 | 京都府 | 滋賀県 | 奈良県 | 和歌山県中国岡山県 | 広島県 | 島根県 | 鳥取県 | 山口県四国愛媛県 | 香川県 | 高知県 | 徳島県九州・沖縄福岡県 | 佐賀県 | 長崎県 | 熊本県 | 大分県 | 宮崎県 | 鹿児島県 | 沖縄県,,,https://www.esthe-ranking.jp/nishinakajima/shop-detail/ee07984e-8144-4456-9d41-9d4771e56e3e/,http://www.e-happy.info/,西中島南方駅1番出口,06-4862-5239,11:30～LAST
Phimai Thai Massage,西中島南方駅2番出口(南口),北海道・東北北海道 | 青森県 | 岩手県 | 宮城県 | 秋田県 | 山形県 | 福島県甲信越・北陸山梨県 | 長野県 | 新潟県 | 富山県 | 石川県 | 福井県関東東京都 | 神奈川県 | 千葉県 | 埼玉県 | 茨城県 | 栃木県 | 群馬県東海愛知県 | 静岡県 | 岐阜県 | 三重県関西大阪府 | 兵庫県 | 京都府 | 滋賀県 | 奈良県 | 和歌山県中国岡山県 | 広島県 | 島根県 | 鳥取県 | 山口県四国愛媛県 | 香川県 | 高知県 | 徳島県九州・沖縄福岡県 | 佐賀県 | 長崎県 | 熊本県 | 大分県 | 宮崎県 | 鹿児島県 | 沖縄県,,,https://www.esthe-ranking.jp/nishinakajima/shop-detail/1da316fd-7215-4565-8f17-002d4c4c4937/,http://www.phimai.info/,地下鉄西中島南方駅南口より徒歩1分、阪急南方駅すぐのタイ式マッサージ店です。,06-6476-7997,12:00～LAST
幸福,西中島南方駅,北海道・東北北海道 | 青森県 | 岩手県 | 宮城県 | 秋田県 | 山形県 | 福島県甲信越・北陸山梨県 | 長野県 | 新潟県 | 富山県 | 石川県 | 福井県関東東京都 | 神奈川県 | 千葉県 | 埼玉県 | 茨城県 | 栃木県 | 群馬県東海愛知県 | 静岡県 | 岐阜県 | 三重県関西大阪府 | 兵庫県 | 京都府 | 滋賀県 | 奈良県 | 和歌山県中国岡山県 | 広島県 | 島根県 | 鳥取県 | 山口県四国愛媛県 | 香川県 | 高知県 | 徳島県九州・沖縄福岡県 | 佐賀県 | 長崎県 | 熊本県 | 大分県 | 宮崎県 | 鹿児島県 | 沖縄県,,,https://www.esthe-ranking.jp/nishinakajima/shop-detail/ec1ba708-25a1-42ec-bc0f-0d8b6042b768/,http://www.es184.com/,アクセス欄に住所あり,06-6390-7789,11:00～LAST
Pinky,江坂駅,大阪府吹田市豊津町1-22,,,https://www.esthe-ranking.jp/esaka/shop-detail/fd924dd4-b3d2-45e0-bca5-6fa1711ae828/,http://pinky.sh-ineua.xyz/,江坂駅徒歩5分,090-4005-2453,10:30～翌 01:30
happy（ハッピー）,高槻市駅,大阪府高槻市城北町2-14-13,,,https://www.esthe-ranking.jp/esaka/shop-detail/5b35ebc7-2735-4887-bfa9-063010f23fa1/,https://r-iya.xyz/,お近くに着きましたら,090-9881-0220,12:00～LAST
夜来香,高槻市駅,大阪府高槻市城北町2-11-3,,,https://www.esthe-ranking.jp/esaka/shop-detail/f4581973-286a-4933-a403-0810d5cd4135/,https://t-tuki.xyz/,阪急高槻市駅より徒歩2分,080-3138-2704,12:00～翌 02:00
セクシーすきぴ,江坂駅,"34.75993129456591, 135.49684286548134",34.75993129456591,135.49684286548134,https://www.esthe-ranking.jp/esaka/shop-detail/0fb250c9-3885-4ab8-b0c6-c82f0f32e04e/,http://sksskp.xhh-tokyo.vip/,お近くにお越しの際は是非、当店にお立ち寄りください。,090-2267-1798,11:00～翌 03:00
濡れピーチ（ぬれピーチ）,江坂駅8番出口,江坂駅,,,https://www.esthe-ranking.jp/esaka/shop-detail/54c717e2-b566-460a-8bc3-96cb419eba14/,http://wet.sh-goy.tokyo/,江坂駅8番出口徒歩2分,070-5695-7528,11:00～翌 03:00
夢荘（ゆめそう）,高槻市駅,"34.84926800000002, 135.62427867055217",34.84926800000002,135.62427867055217,https://www.esthe-ranking.jp/esaka/shop-detail/30681f24-43c3-4f5f-be07-65d52cd0ae75/,https://hanahime.est1.net/,高槻市駅徒歩2分,080-9844-0944,11:00～翌 03:00
春の花,江坂駅,大阪府吹田市豊津町９−２２,,,https://www.esthe-ranking.jp/esaka/shop-detail/9f5960a0-4ad6-4a86-9467-02447f64a805/,http://cute-girl.sh-chixau.tokyo/,江坂駅8番出口に着いたらお電話ください。,080-9166-2483,11:00～翌 02:30
神の極楽plus,江坂駅,江坂駅,,,https://www.esthe-ranking.jp/esaka/shop-detail/77358d13-0821-4864-89f1-b9a3d1ac8b49/,http://kamino.mensest.xyz/,アクセス欄に住所あり,050-6882-8816,11:00～翌 02:00
台湾 ・リカ,高槻市駅,大阪府高槻市京口町８−３,,,https://www.esthe-ranking.jp/esaka/shop-detail/dbfdfe04-ea98-4bef-8b9d-4b5d08a87bb6/,http://rika.sh-ksm.tokyo/,高槻市駅徒歩3分,090-3872-2896,11:00～LAST
優しい,江坂駅,北海道・東北北海道 | 青森県 | 岩手県 | 宮城県 | 秋田県 | 山形県 | 福島県甲信越・北陸山梨県 | 長野県 | 新潟県 | 富山県 | 石川県 | 福井県関東東京都 | 神奈川県 | 千葉県 | 埼玉県 | 茨城県 | 栃木県 | 群馬県東海愛知県 | 静岡県 | 岐阜県 | 三重県関西大阪府 | 兵庫県 | 京都府 | 滋賀県 | 奈良県 | 和歌山県中国岡山県 | 広島県 | 島根県 | 鳥取県 | 山口県四国愛媛県 | 香川県 | 高知県 | 徳島県九州・沖縄福岡県 | 佐賀県 | 長崎県 | 熊本県 | 大分県 | 宮崎県 | 鹿児島県 | 沖縄県,,,https://www.esthe-ranking.jp/esaka/shop-detail/eb6b9d50-2b1c-47fa-9144-60758943d878/,http://yasashii.sh-jrw.tokyo/,アクセス欄に住所あり,080-8838-2279,11:00～翌 02:30
キラキラ,江坂駅8番出口,北海道・東北北海道 | 青森県 | 岩手県 | 宮城県 | 秋田県 | 山形県 | 福島県甲信越・北陸山梨県 | 長野県 | 新潟県 | 富山県 | 石川県 | 福井県関東東京都 | 神奈川県 | 千葉県 | 埼玉県 | 茨城県 | 栃木県 | 群馬県東海愛知県 | 静岡県 | 岐阜県 | 三重県関西大阪府 | 兵庫県 | 京都府 | 滋賀県 | 奈良県 | 和歌山県中国岡山県 | 広島県 | 島根県 | 鳥取県 | 山口県四国愛媛県 | 香川県 | 高知県 | 徳島県九州・沖縄福岡県 | 佐賀県 | 長崎県 | 熊本県 | 大分県 | 宮崎県 | 鹿児島県 | 沖縄県,,,https://www.esthe-ranking.jp/esaka/shop-detail/5396eaa3-ed91-4639-84c4-4cf979179191/,http://kirakira.xin-oksi.online/,江坂駅8番出口,090-5461-3618,12:00～翌 01:30
今すぐKiss Me,江坂駅,北海道・東北北海道 | 青森県 | 岩手県 | 宮城県 | 秋田県 | 山形県 | 福島県甲信越・北陸山梨県 | 長野県 | 新潟県 | 富山県 | 石川県 | 福井県関東東京都 | 神奈川県 | 千葉県 | 埼玉県 | 茨城県 | 栃木県 | 群馬県東海愛知県 | 静岡県 | 岐阜県 | 三重県関西大阪府 | 兵庫県 | 京都府 | 滋賀県 | 奈良県 | 和歌山県中国岡山県 | 広島県 | 島根県 | 鳥取県 | 山口県四国愛媛県 | 香川県 | 高知県 | 徳島県九州・沖縄福岡県 | 佐賀県 | 長崎県 | 熊本県 | 大分県 | 宮崎県 | 鹿児島県 | 沖縄県,,,https://www.esthe-ranking.jp/esaka/shop-detail/52527dc1-33fb-4fc9-a9d9-b6fc348ba78a/,http://kiss-me.xin-oksi.online/,アクセス欄に住所あり,080-7882-4146,11:00～翌 01:30
明月,高槻駅きた西口,高槻市アジアンエステ,,,https://www.esthe-ranking.jp/esaka/shop-detail/325d16bb-640e-4729-9714-337dabcb073a/,https://www.jrtakatuki184.info/,アクセス欄に住所あり,090-3979-2472,11:00～24:00
桃ぷるジューシー,なかもず駅,"34.55827626079069, 135.50456393558193",34.55827626079069,135.50456393558193,https://www.esthe-ranking.jp/sakai/shop-detail/66d55f15-08dd-4813-bc74-7609432c2330/,https://momo-purujushi.navi.mn/,アクセス欄に緯度経度と住所あり,070-4206-3120,10:30～翌 02:00
Royal Honey（ロイヤルハニー）,日根野駅,大阪府泉佐野市日根野７１４６−１０２,,,https://www.esthe-ranking.jp/sakai/shop-detail/295dda40-0325-4f04-b1e1-62fb7adb48e8/,http://royal-honey.menzu-xvg.sbs/,地図の位置に着きましたら、ご連絡ください。,090-6133-6669,12:00～翌 02:00
ひまわり,長居駅2-6番出口,大阪府大阪市住吉区長居東,,,https://www.esthe-ranking.jp/sakai/shop-detail/31a21028-0b24-4cd5-8cae-7d88e6cbd02d/,http://jnis.dlp-esute.asia/,長居駅に着きましたら、ご連絡ください。,090-8535-3636,12:00～翌 01:00
メロメロ,なかもず駅,"34.55793683288862, 135.50494993385502",34.55793683288862,135.50494993385502,https://www.esthe-ranking.jp/sakai/shop-detail/b002f963-f929-42a6-abff-cc9f6c25aebc/,http://sh-meili.hfml24.xyz/,ここに着きましたら、お電話ください。,080-7117-6200,11:00～翌 02:00
極娘,なかもず駅北口,"34.55711951676344, 135.50425409039084",34.55711951676344,135.50425409039084,https://www.esthe-ranking.jp/sakai/shop-detail/5dd1dbc6-c873-4030-b3a3-43957151e60f/,https://gokugirls.estx.net/,なかもず駅北口徒歩2分,090-8703-5243,11:00～翌 02:00
愛の風船,北加賀屋駅,北加賀屋駅,,,https://www.esthe-ranking.jp/sakai/shop-detail/f82e7ffb-fb24-45ec-bed7-13ab62fbd4d6/,https://himitsu-tobira.navi.mn/,アクセス欄に住所あり,050-6870-9078,11:00～翌 01:00
韓国メンズエステ feeling-フィーリング- 堺東ルーム,堺東駅,大阪府堺市堺区南瓦町,,,https://www.esthe-ranking.jp/sakai/shop-detail/68a408b0-7294-4737-8eb6-c9c1cb3496ad/,https://yasuragi-spa.com/,「堺東駅」徒歩6分,090-3043-3434,10:00～翌 05:00
LOVE,長居駅,"34.61055925462145, 135.5135428621463",34.61055925462145,135.5135428621463,https://www.esthe-ranking.jp/sakai/shop-detail/12376db8-adab-45a0-bbfc-109921568daa/,https://www.oil-massage-love.com/,アクセス欄に緯度経度と住所あり,06-6608-1118,
さくら,堺駅南口,大阪府堺市堺区竜神橋町1-6-7,,,https://www.esthe-ranking.jp/sakai/shop-detail/5c640ac0-6ead-45a1-8df1-f83ff1adcf84/,https://sakura-relax.net/,堺駅南口徒歩1分,090-3496-0297,12:00～翌 02:00
夜桜,堺駅・なかもず駅,大阪府堺市堺区新町１−２６,,,https://www.esthe-ranking.jp/sakai/shop-detail/7fa06704-25c3-468a-b9c5-8d488068bb44/,http://blossoms.menzu-xvg.sbs/,地図の位置に着きましたら、ご連絡ください。,090-7738-8863,12:00～翌 02:00
ストロベリー,堺東駅西口,"34.57933852098243, 135.48373759688627",34.57933852098243,135.48373759688627,https://www.esthe-ranking.jp/sakai/shop-detail/314d8282-ed94-4ece-9bca-0c37fa6db106/,https://oil-relaxation-himawari.jimdofree.com/,堺東駅西口徒歩6分,090-1963-6868,12:00～翌 01:00
小百合,北加賀屋駅1番出口,大阪府大阪市住之江区北加賀屋１丁目１２−３６,,,https://www.esthe-ranking.jp/sakai/shop-detail/7e246aa9-408b-4cef-8e60-4937d9488071/,https://shop.es-johokan.com/sayuri-k/,北加賀屋駅1番出口,080-9888-2288,12:00～翌 02:00
癒荘（ゆそう）,堺東駅,大阪府堺市堺区翁橋町１丁９−２,,,https://www.esthe-ranking.jp/sakai/shop-detail/5bcf4c03-1319-4f00-af52-da80160f8073/,http://yz.sh-ibt.tokyo/,堺東駅徒歩8分,080-9007-6990,12:00～翌 05:00
Grace（グレイス）,堺東駅,大阪府堺市堺区北瓦町2-2-11,,,https://www.esthe-ranking.jp/sakai/shop-detail/c83a333d-85c0-4193-84a5-03a0004331d2/,https://www.grace-relaxation.net/,アクセス欄に住所あり,072-229-6785,12:00～LAST
癒苑（ゆえん）,堺東駅,北海道・東北北海道 | 青森県 | 岩手県 | 宮城県 | 秋田県 | 山形県 | 福島県甲信越・北陸山梨県 | 長野県 | 新潟県 | 富山県 | 石川県 | 福井県関東東京都 | 神奈川県 | 千葉県 | 埼玉県 | 茨城県 | 栃木県 | 群馬県東海愛知県 | 静岡県 | 岐阜県 | 三重県関西大阪府 | 兵庫県 | 京都府 | 滋賀県 | 奈良県 | 和歌山県中国岡山県 | 広島県 | 島根県 | 鳥取県 | 山口県四国愛媛県 | 香川県 | 高知県 | 徳島県九州・沖縄福岡県 | 佐賀県 | 長崎県 | 熊本県 | 大分県 | 宮崎県 | 鹿児島県 | 沖縄県,,,https://www.esthe-ranking.jp/sakai/shop-detail/ff4add51-45b6-424f-93d4-26d63f25a5c2/,https://shop2.es-johokan.com/yuen-relaxation/,アクセス欄に住所あり,072-247-9299,12:00～LAST
ルミエール,なかもず駅6番出口,北海道・東北北海道 | 青森県 | 岩手県 | 宮城県 | 秋田県 | 山形県 | 福島県甲信越・北陸山梨県 | 長野県 | 新潟県 | 富山県 | 石川県 | 福井県関東東京都 | 神奈川県 | 千葉県 | 埼玉県 | 茨城県 | 栃木県 | 群馬県東海愛知県 | 静岡県 | 岐阜県 | 三重県関西大阪府 | 兵庫県 | 京都府 | 滋賀県 | 奈良県 | 和歌山県中国岡山県 | 広島県 | 島根県 | 鳥取県 | 山口県四国愛媛県 | 香川県 | 高知県 | 徳島県九州・沖縄福岡県 | 佐賀県 | 長崎県 | 熊本県 | 大分県 | 宮崎県 | 鹿児島県 | 沖縄県,,,https://www.esthe-ranking.jp/sakai/shop-detail/3a605fff-9727-4bcb-b40e-14164a6d99c1/,https://www.lumiere184.info/,なかもず駅6番出口,070-2680-3025,11:00～LAST
Rose（ローズ）,東岸和田駅,岸和田市アジアンエステ,,,https://www.esthe-ranking.jp/sakai/shop-detail/3e141295-44e1-48f8-82bf-a685102a964c/,https://www.kansai-es.com/rose-kishiwada/,アクセス欄に住所あり,0724-42-6123,12:00～翌 05:00
花水木,堺東駅西口,北海道・東北北海道 | 青森県 | 岩手県 | 宮城県 | 秋田県 | 山形県 | 福島県甲信越・北陸山梨県 | 長野県 | 新潟県 | 富山県 | 石川県 | 福井県関東東京都 | 神奈川県 | 千葉県 | 埼玉県 | 茨城県 | 栃木県 | 群馬県東海愛知県 | 静岡県 | 岐阜県 | 三重県関西大阪府 | 兵庫県 | 京都府 | 滋賀県 | 奈良県 | 和歌山県中国岡山県 | 広島県 | 島根県 | 鳥取県 | 山口県四国愛媛県 | 香川県 | 高知県 | 徳島県九州・沖縄福岡県 | 佐賀県 | 長崎県 | 熊本県 | 大分県 | 宮崎県 | 鹿児島県 | 沖縄県,,,https://www.esthe-ranking.jp/sakai/shop-detail/51d32618-44a3-4e92-a9e6-0fd5d929c67e/,https://shop2.es-johokan.com/hanamizuki-s/,堺東駅西口徒歩8分,070-8944-4696,12:00～LAST
ゆらか,堺東駅,北海道・東北北海道 | 青森県 | 岩手県 | 宮城県 | 秋田県 | 山形県 | 福島県甲信越・北陸山梨県 | 長野県 | 新潟県 | 富山県 | 石川県 | 福井県関東東京都 | 神奈川県 | 千葉県 | 埼玉県 | 茨城県 | 栃木県 | 群馬県東海愛知県 | 静岡県 | 岐阜県 | 三重県関西大阪府 | 兵庫県 | 京都府 | 滋賀県 | 奈良県 | 和歌山県中国岡山県 | 広島県 | 島根県 | 鳥取県 | 山口県四国愛媛県 | 香川県 | 高知県 | 徳島県九州・沖縄福岡県 | 佐賀県 | 長崎県 | 熊本県 | 大分県 | 宮崎県 | 鹿児島県 | 沖縄県,,,https://www.esthe-ranking.jp/sakai/shop-detail/db19397f-fd66-40de-b4c7-40315cd20c05/,https://yuraka-relaxation.com/,堺東駅徒歩2分,080-6638-0608,11:00～23:00
Zen（ゼン）,岸和田駅,岸和田市、中国式のリラクゼーションならrelaxation Zen。relaxation Zen,,,https://www.esthe-ranking.jp/sakai/shop-detail/e4bcd75c-9602-4799-b88b-cad3d16b3544/,https://relaxation-zen-kishiwada.com/,岸和田駅徒歩2分,072-431-2777,11:00～翌 03:00
楽だ,東梅田駅,大阪府大阪市北区兎我野町２−１４,,,https://www.esthe-ranking.jp/osakakita/shop-detail/ccd7f1b7-f3a7-440c-9180-5bb25d3086ee/,https://raku-esute.navi.mn/,アクセス欄に住所あり,090-7247-2317,12:00～翌 05:00
雅〜MIYABI,扇町駅・天神橋筋六丁目駅,扇町駅,,,https://www.esthe-ranking.jp/tenma/shop-detail/1e5387ce-631a-4bcd-a5fd-ce502b104eba/,https://jpest.xyz/rovvespa/,アクセス欄に住所あり,050-6879-9564,11:00～翌 02:00
ハッピーDay,扇町駅・天神橋筋六丁目駅,大阪 扇町駅,,,https://www.esthe-ranking.jp/tenma/shop-detail/fd8d3bfe-34d1-4973-94d8-b76f8ede52cd/,https://jpest.xyz/fuqofuwa/,アクセス欄に住所あり,050-6876-3406,11:00～翌 02:00
Million Heart,近鉄八尾駅・布施駅・高井田駅,近鉄八尾駅,,,https://www.esthe-ranking.jp/higashiosaka/shop-detail/4767e3de-48b3-4838-945c-b76843953625/,https://jpest.xyz/ropya/,アクセス欄に住所あり,050-6882-6603,11:00～翌 02:00
半熟ピーチ,吉田駅,大阪府東大阪市吉田本町3丁目5−17,,,https://www.esthe-ranking.jp/higashiosaka/shop-detail/9caaef79-3977-4ea5-b04f-01ab1da6dd5d/,http://xxc.sh-ineua.xyz/,地図の位置に着きましたら、ご連絡ください。,070-8339-1976,10:00～翌 02:00
ミセス美オーラ,近鉄八尾駅・布施駅・高井田駅,近鉄八尾駅,,,https://www.esthe-ranking.jp/higashiosaka/shop-detail/12e10fb9-65b1-4ea3-bc25-149275ba4516/,https://jpest.xyz/kwble/,アクセス欄に住所あり,050-6876-0736,11:00～翌 02:00
クローバー,土居駅・枚方市駅・京橋駅・寝屋川市駅,土居駅,,,https://www.esthe-ranking.jp/kyobashi/shop-detail/3598cb34-8a4c-43d3-9bf0-04db96a464ce/,https://jpest.xyz/tnvuyr/,アクセス欄に住所あり,050-6882-7746,11:00～翌 02:00
恋人の小屋,新大阪駅・南方駅・JR淡路駅,大阪府大阪市東淀川区東中島１丁目２１−１８,,,https://www.esthe-ranking.jp/nishinakajima/shop-detail/1086a1b2-f819-450e-9a4d-c60179893ee5/,http://lovers-cabin.ika-dx.cfd/,地図の位置に着きましたら、ご連絡ください。,080-4112-4122,12:00～翌 02:00
桃園,高槻市駅・江坂駅,高槻市駅,,,https://www.esthe-ranking.jp/esaka/shop-detail/867e6a3c-53b2-4529-99e0-728f03563e12/,https://jpest.xyz/wclover/,アクセス欄に住所あり,050-6863-2079,11:00～翌 02:00
隠れ空間（かくれくうかん）,蛍池駅,"34.797180392422504, 135.44892767604722",34.797180392422504,135.44892767604722,https://www.esthe-ranking.jp/esaka/shop-detail/5a88b80b-f130-4fea-9482-833356f6c6ee/,http://kakure.sh-qdr.tokyo/,蛍池駅徒歩3分,050-6871-0951,11:00～翌 02:00
アジアン・キュート,本町駅28番出口,"34.684683517580005, 135.49647069675842",34.684683517580005,135.49647069675842,https://www.esthe-ranking.jp/honmachi/shop-detail/ee2aead3-d248-449c-b801-df84ef9f91e8/,https://shop2.es-johokan.com/asian-cute/,本町駅28番出口,080-1453-2023,11:00～LAST
幸せぷりぷり,近鉄日本橋駅,大阪府大阪市中央区日本橋１丁目１２−１０,,,https://www.esthe-ranking.jp/osakaminami/shop-detail/446acb0c-dac5-4ceb-ba43-40a8709a6301/,https://happy-puri.navi.mn/,アクセス欄に住所あり,070-8342-8889,24時間営業
Baby楽園,十三駅,"34.71754008473094, 135.48044161020758",34.71754008473094,135.48044161020758,https://www.esthe-ranking.jp/juso/shop-detail/e90c525d-c664-4ea3-8e5b-af926bba124e/,http://baby.sh-xihgas.tokyo/,十三駅徒歩5分,090-4838-1489,11:00～翌 01:00
パラダイス,なかもず駅・堺駅,なかもず駅,,,https://www.esthe-ranking.jp/sakai/shop-detail/3404c00b-7893-4810-9b9a-3d604ad3ffed/,https://www.relaxsalon.xyz/prds/,アクセス欄に住所あり,050-6881-4878,10:00～翌 02:00
恋ごころ,恵美須町駅3番出口,"34.654291188857165, 135.50573530758246",34.654291188857165,135.50573530758246,https://www.esthe-ranking.jp/osakaminami/shop-detail/279e84e1-87b2-4ac1-a864-fb68b5333a8b/,https://koi-gokoro184.pussycat.jp/,恵美須町駅近くのリラクゼーションエステのお店です。完全個室のプライベートサロンとなります。,090-1470-2608,12:00～翌 03:00
Angel Island （エンジェルアイランド）,新大阪駅,"34.73460969469857, 135.5044795932542",34.73460969469857,135.5044795932542,https://www.esthe-ranking.jp/nishinakajima/shop-detail/497ceb59-1f63-40a9-a77e-d1aebf594a17/,http://ange-iisland.hdn-111.site/,全コース1000円OFF!駅から近く、アクセス抜群の立地です。 優しい笑顔と丁寧な対応で、貴方のご来店をお待ちしていま,050-1784-0727,11:00～翌 01:00
ひと夏の恋,西中島南方駅,"34.7252393369398, 135.5015110241374",34.7252393369398,135.5015110241374,https://www.esthe-ranking.jp/nishinakajima/shop-detail/d896d8b6-70ec-4750-8786-74faef4e052e/,http://summer-love.menzu-hdn.sbs/,地図の位置に着きましたら、ご連絡ください。,050-1785-3036,11:00～翌 01:00
ALICE,なかもず駅北口,"34.55823873166642, 135.5045646191695",34.55823873166642,135.5045646191695,https://www.esthe-ranking.jp/sakai/shop-detail/013ffcb7-9646-4e22-8a7c-89ee02c3baf4/,http://alice.menzu-hdn.sbs/,アクセス欄に緯度経度と住所あり,050-1726-8580,11:00～翌 01:00
太陽の恵みSPA,荒本駅,北海道・東北北海道 | 青森県 | 岩手県 | 宮城県 | 秋田県 | 山形県 | 福島県甲信越・北陸山梨県 | 長野県 | 新潟県 | 富山県 | 石川県 | 福井県関東東京都 | 神奈川県 | 千葉県 | 埼玉県 | 茨城県 | 栃木県 | 群馬県東海愛知県 | 静岡県 | 岐阜県 | 三重県関西大阪府 | 兵庫県 | 京都府 | 滋賀県 | 奈良県 | 和歌山県中国岡山県 | 広島県 | 島根県 | 鳥取県 | 山口県四国愛媛県 | 香川県 | 高知県 | 徳島県九州・沖縄福岡県 | 佐賀県 | 長崎県 | 熊本県 | 大分県 | 宮崎県 | 鹿児島県 | 沖縄県,,,https://www.esthe-ranking.jp/higashiosaka/shop-detail/7d0f0654-62ea-4669-b3be-b00b5a3dbbe7/,https://shop2.es-johokan.com/taiyounomegumispa-a/,アクセス欄に住所あり,06-6746-9955,13:00～翌 01:00
Luxury aroma,京橋駅北口,大阪府大阪市都島区東野田町５丁目２−１８,,,https://www.esthe-ranking.jp/kyobashi/shop-detail/ae526b80-c21f-4212-813e-67290146acf3/,https://luxuryaroma-w2.navi.mn/,アクセス欄に住所あり,050-6863-9947,11:00～翌 01:00
ミラージュランド,西中島南方駅2番出口,北海道・東北北海道 | 青森県 | 岩手県 | 宮城県 | 秋田県 | 山形県 | 福島県甲信越・北陸山梨県 | 長野県 | 新潟県 | 富山県 | 石川県 | 福井県関東東京都 | 神奈川県 | 千葉県 | 埼玉県 | 茨城県 | 栃木県 | 群馬県東海愛知県 | 静岡県 | 岐阜県 | 三重県関西大阪府 | 兵庫県 | 京都府 | 滋賀県 | 奈良県 | 和歌山県中国岡山県 | 広島県 | 島根県 | 鳥取県 | 山口県四国愛媛県 | 香川県 | 高知県 | 徳島県九州・沖縄福岡県 | 佐賀県 | 長崎県 | 熊本県 | 大分県 | 宮崎県 | 鹿児島県 | 沖縄県,,,https://www.esthe-ranking.jp/nishinakajima/shop-detail/2a8ec91f-9dcd-409a-981b-f678ce7ed6b2/,http://www.mirajyuland184.info/access.html,西中島南方駅2番出口,090-3270-5476,11:00～LAST
ベトナムエンジェル,江坂駅5番出口,大阪府吹田市江坂町1丁目13−41,,,https://www.esthe-ranking.jp/esaka/shop-detail/de8bff2c-9b70-4450-b3a0-84a12ae8cb13/,http://angel-vv.aru-jp.wang/,大阪府吹田市江坂町1丁目13−41、に着きましたらご連絡ださい,080-1480-3504,11:00～LAST
江南（カンナム）,高槻駅3番出口,高槻市アジアンエステ,,,https://www.esthe-ranking.jp/esaka/shop-detail/0706fa9c-977d-4dda-9202-759444d59d14/,http://sh-jianngnan.hfml24.xyz/,高槻駅3番出口徒歩1分,080-8848-4663,12:00～翌 05:00
My Love,西中島南方駅2番出口,西中島南方駅,,,https://www.esthe-ranking.jp/nishinakajima/shop-detail/2ada8039-ebf0-4bd9-83f4-63b992809a2e/,https://mylove.relaxnabi.com/,西中島南方駅2番出口に着きましたら、お電話ください。,090-7315-3763,11:00～翌 02:00
めぐり愛,大阪難波駅,大阪府大阪市中央区西心斎橋２丁目１６−７,,,https://www.esthe-ranking.jp/osakaminami/shop-detail/3ed5c60e-bd7f-4ff2-b6d5-ba5f8359a9c8/,http://fated-love.sh-tiy.xyz/,大阪難波駅徒歩6分,050-6873-7245,11:00～翌 02:00
ボーイ蜜ガール,江坂駅5番出口,"34.75881207188098, 135.49710156443396",34.75881207188098,135.49710156443396,https://www.esthe-ranking.jp/esaka/shop-detail/4b6d9977-4b77-415c-ac9e-074c18baf187/,http://love.sh-berhjop.tokyo/,ここに着きましたら、お電話ください。,080-9537-7415,11:00～翌 03:00
マジ恋キス,堺筋本町駅6番出口,北海道・東北北海道 | 青森県 | 岩手県 | 宮城県 | 秋田県 | 山形県 | 福島県甲信越・北陸山梨県 | 長野県 | 新潟県 | 富山県 | 石川県 | 福井県関東東京都 | 神奈川県 | 千葉県 | 埼玉県 | 茨城県 | 栃木県 | 群馬県東海愛知県 | 静岡県 | 岐阜県 | 三重県関西大阪府 | 兵庫県 | 京都府 | 滋賀県 | 奈良県 | 和歌山県中国岡山県 | 広島県 | 島根県 | 鳥取県 | 山口県四国愛媛県 | 香川県 | 高知県 | 徳島県九州・沖縄福岡県 | 佐賀県 | 長崎県 | 熊本県 | 大分県 | 宮崎県 | 鹿児島県 | 沖縄県,,,https://www.esthe-ranking.jp/honmachi/shop-detail/c1bafa13-fa48-4678-9e9d-e2ee76132da5/,https://www.majikoikis184.info/,堺筋本町駅6番出口,090-7987-6668,11:00～翌 02:00
満足ピチパイ,堺筋本町駅6出口,北海道・東北北海道 | 青森県 | 岩手県 | 宮城県 | 秋田県 | 山形県 | 福島県甲信越・北陸山梨県 | 長野県 | 新潟県 | 富山県 | 石川県 | 福井県関東東京都 | 神奈川県 | 千葉県 | 埼玉県 | 茨城県 | 栃木県 | 群馬県東海愛知県 | 静岡県 | 岐阜県 | 三重県関西大阪府 | 兵庫県 | 京都府 | 滋賀県 | 奈良県 | 和歌山県中国岡山県 | 広島県 | 島根県 | 鳥取県 | 山口県四国愛媛県 | 香川県 | 高知県 | 徳島県九州・沖縄福岡県 | 佐賀県 | 長崎県 | 熊本県 | 大分県 | 宮崎県 | 鹿児島県 | 沖縄県,,,https://www.esthe-ranking.jp/honmachi/shop-detail/f3707c27-fcad-49fa-933a-8c2a77166816/,https://www.manzokupitipa184.info/,堺筋本町駅6出口徒歩2分,090-9599-5168,11:00～翌 02:00
濡れ濡れ魔女,難波駅東出口,北海道・東北北海道 | 青森県 | 岩手県 | 宮城県 | 秋田県 | 山形県 | 福島県甲信越・北陸山梨県 | 長野県 | 新潟県 | 富山県 | 石川県 | 福井県関東東京都 | 神奈川県 | 千葉県 | 埼玉県 | 茨城県 | 栃木県 | 群馬県東海愛知県 | 静岡県 | 岐阜県 | 三重県関西大阪府 | 兵庫県 | 京都府 | 滋賀県 | 奈良県 | 和歌山県中国岡山県 | 広島県 | 島根県 | 鳥取県 | 山口県四国愛媛県 | 香川県 | 高知県 | 徳島県九州・沖縄福岡県 | 佐賀県 | 長崎県 | 熊本県 | 大分県 | 宮崎県 | 鹿児島県 | 沖縄県,,,https://www.esthe-ranking.jp/osakaminami/shop-detail/56999bc0-bbbb-42cc-a4d2-0841ea424ce4/,https://www.nurenuremajyo184.info/,アクセス欄に住所あり,080-2469-9935,11:00～翌 02:00
私の名前はナクシク,西中島南方駅1番出口,北海道・東北北海道 | 青森県 | 岩手県 | 宮城県 | 秋田県 | 山形県 | 福島県甲信越・北陸山梨県 | 長野県 | 新潟県 | 富山県 | 石川県 | 福井県関東東京都 | 神奈川県 | 千葉県 | 埼玉県 | 茨城県 | 栃木県 | 群馬県東海愛知県 | 静岡県 | 岐阜県 | 三重県関西大阪府 | 兵庫県 | 京都府 | 滋賀県 | 奈良県 | 和歌山県中国岡山県 | 広島県 | 島根県 | 鳥取県 | 山口県四国愛媛県 | 香川県 | 高知県 | 徳島県九州・沖縄福岡県 | 佐賀県 | 長崎県 | 熊本県 | 大分県 | 宮崎県 | 鹿児島県 | 沖縄県,,,https://www.esthe-ranking.jp/nishinakajima/shop-detail/e3de9d06-ee91-4ddb-922d-c15acbf37ad2/,https://www.nakusiku184.info/,西中島南方駅1番出口,080-2796-7949,11:00～翌 05:00
Ageless（エ一ジレス）,天満駅南口,"34.70470194263841, 135.51255491534377",34.70470194263841,135.51255491534377,https://www.esthe-ranking.jp/tenma/shop-detail/a874aa88-ab23-49da-99f8-1ca5c9509429/,https://best.kairaku.work/,「天満駅」南口より徒歩1分,080-7171-5589,12:00～翌 02:00
ハッピーベイビー,天神橋筋六丁目駅,天神橋筋六丁目駅,,,https://www.esthe-ranking.jp/tenma/shop-detail/c26de9a3-0a04-4f89-be5a-4ba697276638/,http://happy-baby.amj888.space/,天神橋筋六丁目駅13番口に着きましたら、ご連絡ください。,090-3948-9995,11:00～翌 02:00
Sexy女の子,日本橋駅B30出口,大阪府大阪市中央区千日前1丁目6-2,,,https://www.esthe-ranking.jp/osakaminami/shop-detail/0730e9ca-b6b2-4c01-88f2-ce879dda8e01/,https://www.sexyonnako184.info/,アクセス欄に住所あり,090-9116-6499,24時間営業
極上美女,土居駅・枚方市駅・京橋駅・寝屋川市駅,土居駅,,,https://www.esthe-ranking.jp/kyobashi/shop-detail/3b2162c6-5a5f-4b9c-9d42-dc119e6beba5/,https://www.relaxsalon.xyz/gjbj/,アクセス欄に住所あり,050-6880-4526,11:00～翌 02:00
もえ娘,十三駅西口,"34.71776000726642, 135.48080372318563",34.71776000726642,135.48080372318563,https://www.esthe-ranking.jp/juso/shop-detail/a0b65b80-793b-4999-9485-f1034f7261ec/,https://mo-musume.estheya.com/,十三駅西口徒歩3分,090-4837-8495,11:00～翌 03:00
甘いバニラ,新大阪駅,新大阪駅,,,https://www.esthe-ranking.jp/nishinakajima/shop-detail/756279e0-1d48-4bf4-869a-4a3f7f7e281f/,https://missyoukomagome.navi.mn/,アクセス欄に住所あり,050-6870-9078,11:00～翌 01:00
大人の楽園,高槻市駅・江坂駅,高槻市駅,,,https://www.esthe-ranking.jp/esaka/shop-detail/1ddf0761-f31f-4001-95b5-7a03beb09eeb/,https://www.relaxsalon.xyz/otnnre/,アクセス欄に住所あり,050-6863-3965,11:00～翌 02:00
SPA 愛 Land,なかもず駅・堺駅,なかもず駅,,,https://www.esthe-ranking.jp/sakai/shop-detail/9a96df6c-7315-4e14-af77-d5fd57e76664/,https://www.relaxsalon.xyz/spaailand/,アクセス欄に住所あり,050-6882-2026,11:00～翌 02:00
ミルクスプラッシュ,本町駅1番出口,北海道・東北北海道 | 青森県 | 岩手県 | 宮城県 | 秋田県 | 山形県 | 福島県甲信越・北陸山梨県 | 長野県 | 新潟県 | 富山県 | 石川県 | 福井県関東東京都 | 神奈川県 | 千葉県 | 埼玉県 | 茨城県 | 栃木県 | 群馬県東海愛知県 | 静岡県 | 岐阜県 | 三重県関西大阪府 | 兵庫県 | 京都府 | 滋賀県 | 奈良県 | 和歌山県中国岡山県 | 広島県 | 島根県 | 鳥取県 | 山口県四国愛媛県 | 香川県 | 高知県 | 徳島県九州・沖縄福岡県 | 佐賀県 | 長崎県 | 熊本県 | 大分県 | 宮崎県 | 鹿児島県 | 沖縄県,,,https://www.esthe-ranking.jp/honmachi/shop-detail/6e39a918-b576-4a46-9844-7f8b5480fe2e/,https://shop2.es-johokan.com/milk-splash/,本町駅1番出口,080-3788-3699,11:00～翌 02:00
チャイナ ナイト,本町駅7番出口,北海道・東北北海道 | 青森県 | 岩手県 | 宮城県 | 秋田県 | 山形県 | 福島県甲信越・北陸山梨県 | 長野県 | 新潟県 | 富山県 | 石川県 | 福井県関東東京都 | 神奈川県 | 千葉県 | 埼玉県 | 茨城県 | 栃木県 | 群馬県東海愛知県 | 静岡県 | 岐阜県 | 三重県関西大阪府 | 兵庫県 | 京都府 | 滋賀県 | 奈良県 | 和歌山県中国岡山県 | 広島県 | 島根県 | 鳥取県 | 山口県四国愛媛県 | 香川県 | 高知県 | 徳島県九州・沖縄福岡県 | 佐賀県 | 長崎県 | 熊本県 | 大分県 | 宮崎県 | 鹿児島県 | 沖縄県,,,https://www.esthe-ranking.jp/honmachi/shop-detail/898c0147-2a26-4d3f-9ab8-4a0ff2a68f8b/,http://sh-nights.hfmi11.xyz/,本町駅7番出口徒歩3分,080-8471-8207,11:00～翌 03:00
癒し まいまい,天王寺駅,北海道・東北北海道 | 青森県 | 岩手県 | 宮城県 | 秋田県 | 山形県 | 福島県甲信越・北陸山梨県 | 長野県 | 新潟県 | 富山県 | 石川県 | 福井県関東東京都 | 神奈川県 | 千葉県 | 埼玉県 | 茨城県 | 栃木県 | 群馬県東海愛知県 | 静岡県 | 岐阜県 | 三重県関西大阪府 | 兵庫県 | 京都府 | 滋賀県 | 奈良県 | 和歌山県中国岡山県 | 広島県 | 島根県 | 鳥取県 | 山口県四国愛媛県 | 香川県 | 高知県 | 徳島県九州・沖縄福岡県 | 佐賀県 | 長崎県 | 熊本県 | 大分県 | 宮崎県 | 鹿児島県 | 沖縄県,,,https://www.esthe-ranking.jp/tanikyu/shop-detail/aa9ac646-fe64-4c31-8618-44ec257c63c1/,http://yu.sh-tiy.xyz/,アクセス欄に住所あり,080-9822-7703,11:00～翌 02:00
萌え娘,西中島南方駅,"34.72493865480373, 135.50024918447096",34.72493865480373,135.50024918447096,https://www.esthe-ranking.jp/nishinakajima/shop-detail/d0f70b37-2db3-4bd6-8d7b-0d938a7b4213/,https://moe-massage.navi.mn/,アクセス欄に緯度経度と住所あり,080-2670-3134,10:00～翌 02:00
Thai Relax（タイリラックス）,西中島南方駅,北海道・東北北海道 | 青森県 | 岩手県 | 宮城県 | 秋田県 | 山形県 | 福島県甲信越・北陸山梨県 | 長野県 | 新潟県 | 富山県 | 石川県 | 福井県関東東京都 | 神奈川県 | 千葉県 | 埼玉県 | 茨城県 | 栃木県 | 群馬県東海愛知県 | 静岡県 | 岐阜県 | 三重県関西大阪府 | 兵庫県 | 京都府 | 滋賀県 | 奈良県 | 和歌山県中国岡山県 | 広島県 | 島根県 | 鳥取県 | 山口県四国愛媛県 | 香川県 | 高知県 | 徳島県九州・沖縄福岡県 | 佐賀県 | 長崎県 | 熊本県 | 大分県 | 宮崎県 | 鹿児島県 | 沖縄県,,,https://www.esthe-ranking.jp/nishinakajima/shop-detail/d6ceb35f-b048-4cd7-b173-4e9c50114825/,https://thairelax-nishinaka.com/,西中島南方駅徒歩3分,080-8049-8466,12:00～LAST
ロシア美人,江坂駅8番出口,北海道・東北北海道 | 青森県 | 岩手県 | 宮城県 | 秋田県 | 山形県 | 福島県甲信越・北陸山梨県 | 長野県 | 新潟県 | 富山県 | 石川県 | 福井県関東東京都 | 神奈川県 | 千葉県 | 埼玉県 | 茨城県 | 栃木県 | 群馬県東海愛知県 | 静岡県 | 岐阜県 | 三重県関西大阪府 | 兵庫県 | 京都府 | 滋賀県 | 奈良県 | 和歌山県中国岡山県 | 広島県 | 島根県 | 鳥取県 | 山口県四国愛媛県 | 香川県 | 高知県 | 徳島県九州・沖縄福岡県 | 佐賀県 | 長崎県 | 熊本県 | 大分県 | 宮崎県 | 鹿児島県 | 沖縄県,,,https://www.esthe-ranking.jp/esaka/shop-detail/c1631457-287e-4b38-9f83-a2a7edb189b5/,https://www.rosiabijin184.info/,江坂駅8番出口,080-8244-8422,12:00～翌 05:00
Kiss Me,東梅田駅,"34.700737556987306, 135.50486255672172",34.700737556987306,135.50486255672172,https://www.esthe-ranking.jp/osakakita/shop-detail/3d9520de-6229-434b-abf5-29527133c47d/,https://kiss-me.estheya.com/,東梅田駅徒歩3分,090-5980-4557,11:00～翌 02:00
プリンプリン,堺筋本町駅3番出口,北海道・東北北海道 | 青森県 | 岩手県 | 宮城県 | 秋田県 | 山形県 | 福島県甲信越・北陸山梨県 | 長野県 | 新潟県 | 富山県 | 石川県 | 福井県関東東京都 | 神奈川県 | 千葉県 | 埼玉県 | 茨城県 | 栃木県 | 群馬県東海愛知県 | 静岡県 | 岐阜県 | 三重県関西大阪府 | 兵庫県 | 京都府 | 滋賀県 | 奈良県 | 和歌山県中国岡山県 | 広島県 | 島根県 | 鳥取県 | 山口県四国愛媛県 | 香川県 | 高知県 | 徳島県九州・沖縄福岡県 | 佐賀県 | 長崎県 | 熊本県 | 大分県 | 宮崎県 | 鹿児島県 | 沖縄県,,,https://www.esthe-ranking.jp/honmachi/shop-detail/649004a3-8de2-4753-a360-028656ce6315/,https://www.prinprin184.info/,堺筋本町駅3番出口徒歩1分,090-8145-1576,12:00～24:30
ハッピー,近鉄日本橋駅,大阪府大阪市中央区島之内２丁目４−２８,,,https://www.esthe-ranking.jp/osakaminami/shop-detail/9038f413-5e3e-4a42-93ee-dbfd34a6ff80/,http://happy.sh-ylma3.tokyo/,ここに着きましたら、お電話ください。,070-9318-8186,10:00～翌 03:00
夏の桃（なつのもも）,江坂駅8番出口,北海道・東北北海道 | 青森県 | 岩手県 | 宮城県 | 秋田県 | 山形県 | 福島県甲信越・北陸山梨県 | 長野県 | 新潟県 | 富山県 | 石川県 | 福井県関東東京都 | 神奈川県 | 千葉県 | 埼玉県 | 茨城県 | 栃木県 | 群馬県東海愛知県 | 静岡県 | 岐阜県 | 三重県関西大阪府 | 兵庫県 | 京都府 | 滋賀県 | 奈良県 | 和歌山県中国岡山県 | 広島県 | 島根県 | 鳥取県 | 山口県四国愛媛県 | 香川県 | 高知県 | 徳島県九州・沖縄福岡県 | 佐賀県 | 長崎県 | 熊本県 | 大分県 | 宮崎県 | 鹿児島県 | 沖縄県,,,https://www.esthe-ranking.jp/esaka/shop-detail/ecf7ad9c-0370-4a46-b130-9d8817016f98/,http://momo.sh-kdr.tokyo/,江坂駅8番出口,070-6540-4064,11:00～翌 02:00
MilkPeach（ミルクピーチ）,守口市駅,大阪・守口市 リラクゼーションエステ「MilkPeach（ミルクピーチ）」,,,https://www.esthe-ranking.jp/kyobashi/shop-detail/b8379a7d-3c21-4803-90d3-56ab3f8eec37/,https://milk-p.relaxjp.com/,守口市駅徒歩5分,090-7492-8462,12:00～LAST
振り向けば美女,天王寺駅6番出口,北海道・東北北海道 | 青森県 | 岩手県 | 宮城県 | 秋田県 | 山形県 | 福島県甲信越・北陸山梨県 | 長野県 | 新潟県 | 富山県 | 石川県 | 福井県関東東京都 | 神奈川県 | 千葉県 | 埼玉県 | 茨城県 | 栃木県 | 群馬県東海愛知県 | 静岡県 | 岐阜県 | 三重県関西大阪府 | 兵庫県 | 京都府 | 滋賀県 | 奈良県 | 和歌山県中国岡山県 | 広島県 | 島根県 | 鳥取県 | 山口県四国愛媛県 | 香川県 | 高知県 | 徳島県九州・沖縄福岡県 | 佐賀県 | 長崎県 | 熊本県 | 大分県 | 宮崎県 | 鹿児島県 | 沖縄県,,,https://www.esthe-ranking.jp/tanikyu/shop-detail/eb3519fa-4859-43f8-b398-e18cfac1c04c/,https://www.furimukeb184.info/,天王寺駅6番出口,070-1321-9160,11:00～翌 03:00
泡の少女,枚方市駅,"34.81577594079757, 135.64400621237868",34.81577594079757,135.64400621237868,https://www.esthe-ranking.jp/kyobashi/shop-detail/2deba6a3-2346-4a6c-88ed-aa8871e022d2/,http://bubble-girl.dki-111.site/,地図の位置に着きましたら、ご連絡ください。,080-9458-7817,12:00～翌 02:00