"優先度","候補種別","駅グループ","同駅件数","店舗名","最寄駅","掲載URL","候補数","自動適用","保留理由","候補住所","緯度","経度","候補メモ"
"1","manual","蒲田駅","17","cream spa（クリームスパ）","蒲田駅西口","https://www.esthe-ranking.jp/kamata/shop-detail/1dbcb4cb-9b4c-427f-81dd-dbd2d5d1d93c/","0","保留","候補なし","","","",""
"2","manual","蒲田駅","17","Fresh Salon（フレッシュ・サロン）","蒲田駅","https://www.esthe-ranking.jp/kamata/shop-detail/62b3ccf6-3ad6-459b-bf01-746b74a2b62f/","0","保留","候補なし","","","",""
"3","manual","蒲田駅","17","Infinity","蒲田駅西口","https://www.esthe-ranking.jp/kamata/shop-detail/b68d6b3b-c6c7-4201-bdba-2bfe9ed96175/","0","保留","候補なし","","","",""
"4","manual","蒲田駅","17","Princess","蒲田駅西口","https://www.esthe-ranking.jp/kamata/shop-detail/25e6adcd-2e68-432d-9bf8-317a48543e0f/","0","保留","候補なし","","","",""
"5","manual","蒲田駅","17","Sofia（ソフィア）","蒲田駅西口","https://www.esthe-ranking.jp/kamata/shop-detail/c5e7b3e0-7ce6-467e-82d1-bc8b1b1489a6/","0","保留","候補なし","","","",""
"6","manual","蒲田駅","17","ココシア","蒲田駅西口","https://www.esthe-ranking.jp/kamata/shop-detail/806a046e-d825-40c1-8cf4-371f77a9dd10/","0","保留","候補なし","","","",""
"7","manual","蒲田駅","17","スキップビート","蒲田駅南口","https://www.esthe-ranking.jp/kamata/shop-detail/728e0962-f567-4030-9cd7-21c06a13e980/","0","保留","候補なし","","","",""
"8","manual","蒲田駅","17","すずらん","蒲田駅西口","https://www.esthe-ranking.jp/kamata/shop-detail/350d3dab-69f2-404d-9a1e-15403e86b689/","0","保留","候補なし","","","",""
"9","manual","蒲田駅","17","ハピネス","蒲田駅西口","https://www.esthe-ranking.jp/kamata/shop-detail/55901f1d-2fa8-4704-8e72-d335795eb58f/","0","保留","候補なし","","","",""
"10","manual","蒲田駅","17","もちもち娘","蒲田駅","https://www.esthe-ranking.jp/kamata/shop-detail/ded9e8af-ae08-4c19-a7c2-a19052b051f6/","0","保留","候補なし","","","",""
"11","manual","蒲田駅","17","ゆるり","蒲田駅西口","https://www.esthe-ranking.jp/kamata/shop-detail/b95802d6-3d44-4736-abd7-7303d676945e/","0","保留","候補なし","","","",""
"12","manual","蒲田駅","17","ルージュ","蒲田駅西口","https://www.esthe-ranking.jp/kamata/shop-detail/dbe439a7-beca-4657-83bc-0d0560fcbce2/","0","保留","候補なし","","","",""
"13","manual","蒲田駅","17","ロリポップ","蒲田駅西口","https://www.esthe-ranking.jp/kamata/shop-detail/924a5a0e-0ebd-44d9-8429-4fd7d7f3ff2e/","0","保留","候補なし","","","",""
"14","manual","蒲田駅","17","韓美々","蒲田駅西口","https://www.esthe-ranking.jp/kamata/shop-detail/7ff743ad-48fe-4c26-a5c5-b1421ad938c7/","0","保留","候補なし","","","",""
"15","manual","蒲田駅","17","美娘（みこ）","蒲田駅西口","https://www.esthe-ranking.jp/kamata/shop-detail/5d040d65-361c-4da2-a24e-dc4e89def7e9/","0","保留","候補なし","","","",""
"16","manual","蒲田駅","17","氷の雪","蒲田駅東口","https://www.esthe-ranking.jp/kamata/shop-detail/4b014522-11e0-471b-b677-9640394d5065/","0","保留","候補なし","","","",""
"17","manual","蒲田駅","17","和（なごみ）","蒲田駅西口2分","https://www.esthe-ranking.jp/kamata/shop-detail/91ca6dae-8fac-409f-af1e-a5b72d4629e0/","0","保留","候補なし","","","",""
"18","manual","三軒茶屋駅","15","Aroma ELLA","三軒茶屋駅","https://www.esthe-ranking.jp/sangenjaya/shop-detail/9310ba18-d655-4cc1-8b5e-d3fef90bec04/","0","保留","候補なし","","","",""
"19","manual","三軒茶屋駅","15","Baby face（ベイビーフェース）","三軒茶屋駅南口","https://www.esthe-ranking.jp/sangenjaya/shop-detail/3591c78a-e202-408c-89a9-42a7375896a1/","0","保留","候補なし","","","",""
"20","manual","三軒茶屋駅","15","PINK CLUB","三軒茶屋駅世田谷通り口","https://www.esthe-ranking.jp/sangenjaya/shop-detail/f0c1b8e4-438f-4aee-bd4b-f7dabcd6c6d2/","0","保留","候補なし","","","",""
"21","manual","三軒茶屋駅","15","Pinky（ピンキー）","三軒茶屋駅南口","https://www.esthe-ranking.jp/sangenjaya/shop-detail/de09dc65-d17b-463f-8a94-69ebe6500dc1/","0","保留","候補なし","","","",""
"22","manual","三軒茶屋駅","15","さくら","三軒茶屋駅南口A","https://www.esthe-ranking.jp/sangenjaya/shop-detail/73ccbd7e-133d-4aab-810a-dd157425183b/","0","保留","候補なし","","","",""
"23","manual","三軒茶屋駅","15","ドレミ","三軒茶屋駅南口A","https://www.esthe-ranking.jp/sangenjaya/shop-detail/357de399-ce86-4f10-83cc-90bbb04c9a30/","0","保留","候補なし","","","",""
"24","manual","三軒茶屋駅","15","ブリリアンス","三軒茶屋駅世田谷通り口","https://www.esthe-ranking.jp/sangenjaya/shop-detail/89344bf5-f62d-4e74-8797-74e3da99c27c/","0","保留","候補なし","","","",""
"25","manual","三軒茶屋駅","15","マカロン","三軒茶屋駅","https://www.esthe-ranking.jp/sangenjaya/shop-detail/6317360c-6f2f-47a5-92ba-f8a7997b2bef/","0","保留","候補なし","","","",""
"26","manual","三軒茶屋駅","15","ミラクルエステ","三軒茶屋駅","https://www.esthe-ranking.jp/sangenjaya/shop-detail/a277f127-7c4f-4411-a6c5-05849d55fa56/","0","保留","候補なし","","","",""
"27","manual","三軒茶屋駅","15","愛","三軒茶屋駅","https://www.esthe-ranking.jp/sangenjaya/shop-detail/3af3cf20-b956-4d7f-8a64-f6d75ed72c9c/","0","保留","候補なし","","","",""
"28","manual","三軒茶屋駅","15","甘い夏","三軒茶屋駅","https://www.esthe-ranking.jp/sangenjaya/shop-detail/8163b4bf-9e0e-433b-bf5c-e88f9ba8b412/","0","保留","候補なし","","","",""
"29","manual","三軒茶屋駅","15","咲月（さつき）","三軒茶屋駅","https://www.esthe-ranking.jp/sangenjaya/shop-detail/d73be69f-487c-46bf-94d8-abfa4dd8d377/","0","保留","候補なし","","","",""
"30","manual","三軒茶屋駅","15","蜜（みつ）","三軒茶屋駅北口B","https://www.esthe-ranking.jp/sangenjaya/shop-detail/30dd4525-2a7e-4a65-a43d-bbc942788aad/","0","保留","候補なし","","","",""
"31","manual","三軒茶屋駅","15","蜜姫","三軒茶屋駅","https://www.esthe-ranking.jp/sangenjaya/shop-detail/3c797a63-db75-42b9-ab4b-278d8ad94449/","0","保留","候補なし","","","",""
"32","manual","三軒茶屋駅","15","夢の続きはこちら","三軒茶屋駅南口","https://www.esthe-ranking.jp/sangenjaya/shop-detail/e704fee4-991b-4a4d-8329-3df1bf859191/","0","保留","候補なし","","","",""
"33","manual","八王子駅","15","BEST STAR（ベストスター）","八王子駅","https://www.esthe-ranking.jp/hachioji/shop-detail/6589fb18-bb64-4b30-8372-19340553a1b2/","0","保留","候補なし","","","",""
"34","manual","八王子駅","15","REGINA（レジーナ）","八王子駅","https://www.esthe-ranking.jp/hachioji/shop-detail/66fb8e9c-9c99-49ca-b3f1-1c6438645e42/","0","保留","候補なし","","","",""
"35","manual","八王子駅","15","Wanmai（ワンマイ）","八王子駅","https://www.esthe-ranking.jp/hachioji/shop-detail/256cd56a-bdb2-4fc6-9f36-04b1babfd7f4/","0","保留","候補なし","","","",""
"36","manual","八王子駅","15","アロマラブ","八王子駅北口","https://www.esthe-ranking.jp/hachioji/shop-detail/f80a8733-b6b7-45bf-82d1-c2f77f32f21e/","0","保留","候補なし","","","",""
"37","manual","八王子駅","15","キャンディ","八王子駅","https://www.esthe-ranking.jp/hachioji/shop-detail/845255f6-93a5-4bab-b766-e487f27c00c2/","0","保留","候補なし","","","",""
"38","manual","八王子駅","15","ひまわり","八王子駅南口","https://www.esthe-ranking.jp/hachioji/shop-detail/9d687ac5-8bc3-4f5e-8990-d7947037f8c6/","0","保留","候補なし","","","",""
"39","manual","八王子駅","15","ゆず風味","八王子駅","https://www.esthe-ranking.jp/hachioji/shop-detail/892b032d-9c05-424b-af57-1c0f798a7a64/","0","保留","候補なし","","","",""
"40","manual","八王子駅","15","らくらく","八王子駅中央口","https://www.esthe-ranking.jp/hachioji/shop-detail/037b2a23-e21e-42d2-afdc-051522b2a772/","0","保留","候補なし","","","",""
"41","manual","八王子駅","15","安心苑","八王子駅南口","https://www.esthe-ranking.jp/hachioji/shop-detail/3608be92-d7e6-46c6-b840-c152c16d4024/","0","保留","候補なし","","","",""
"42","manual","八王子駅","15","康楽","八王子駅北口","https://www.esthe-ranking.jp/hachioji/shop-detail/9f16e849-0a8c-46ea-a6c1-3fcab817c951/","0","保留","候補なし","","","",""
"43","manual","八王子駅","15","咲き","八王子駅","https://www.esthe-ranking.jp/hachioji/shop-detail/6c2da935-215c-453f-a73d-6f7a6d63bd7c/","0","保留","候補なし","","","",""
"44","manual","八王子駅","15","紫陽花","八王子駅北口","https://www.esthe-ranking.jp/hachioji/shop-detail/cf7407d8-a961-4c6a-a5ef-f33772285cf6/","0","保留","候補なし","","","",""
"45","manual","八王子駅","15","桃花","八王子駅","https://www.esthe-ranking.jp/hachioji/shop-detail/e607e1b9-a018-40b4-9abb-342eb44b17e4/","0","保留","候補なし","","","",""
"46","manual","八王子駅","15","萌","八王子駅北口","https://www.esthe-ranking.jp/hachioji/shop-detail/9c81880b-3aa4-4153-907d-4c969bd42a19/","0","保留","候補なし","","","",""
"47","manual","八王子駅","15","夢艶 （ゆめつや）","八王子駅北口","https://www.esthe-ranking.jp/hachioji/shop-detail/f996e310-f847-4b2d-bc7e-78d27fa60376/","0","保留","候補なし","","","",""
"48","manual","御徒町駅","14","COCO-GARDEN","御徒町駅北口","https://www.esthe-ranking.jp/ueno/shop-detail/5fa65fb3-9358-42f0-a3b5-f45dc078f22a/","0","保留","候補なし","","","",""
"49","manual","御徒町駅","14","Dear（ディア）","御徒町駅南口","https://www.esthe-ranking.jp/ueno/shop-detail/932dcb7e-d3b0-4c0a-96be-2ef81c02ed96/","0","保留","候補なし","","","",""
"50","manual","御徒町駅","14","Emi","御徒町駅南口","https://www.esthe-ranking.jp/ueno/shop-detail/6ae83b4d-f835-4684-85ee-c02ad755cd70/","0","保留","候補なし","","","",""
"51","manual","御徒町駅","14","Lila Spa","御徒町駅","https://www.esthe-ranking.jp/ueno/shop-detail/6f3d6d41-7796-4a27-b104-69ec314b7156/","0","保留","候補なし","","","",""
"52","manual","御徒町駅","14","Smile（スマイル）","御徒町駅南口","https://www.esthe-ranking.jp/ueno/shop-detail/bb2abdaa-f5a8-40e7-acae-4b27a532b95d/","0","保留","候補なし","","","",""
"53","manual","御徒町駅","14","アイラック","御徒町駅","https://www.esthe-ranking.jp/ueno/shop-detail/722e0adc-fad6-4491-a5de-f631fba7d2e4/","0","保留","候補なし","","","",""
"54","manual","御徒町駅","14","エステ・リッツ","御徒町駅北口","https://www.esthe-ranking.jp/ueno/shop-detail/4384e093-20ab-4b2d-b6bd-f16fbe214a70/","0","保留","候補なし","","","",""
"55","manual","御徒町駅","14","マーキュリー","御徒町駅","https://www.esthe-ranking.jp/ueno/shop-detail/81365b8c-6b48-4273-bdcc-e862828efcb4/","0","保留","候補なし","","","",""
"56","manual","御徒町駅","14","ヤージャイ","御徒町駅北口","https://www.esthe-ranking.jp/ueno/shop-detail/4a238fa4-18a9-4050-8cf3-9c855ea0e3e5/","0","保留","候補なし","","","",""
"57","manual","御徒町駅","14","安心堂","御徒町駅南口","https://www.esthe-ranking.jp/ueno/shop-detail/9cb20bb5-a62f-483c-809a-102f2dcdb4e7/","0","保留","候補なし","","","",""
"58","manual","御徒町駅","14","楽しい","御徒町駅","https://www.esthe-ranking.jp/ueno/shop-detail/697f775a-e37f-4621-83de-9febf3130a66/","0","保留","候補なし","","","",""
"59","manual","御徒町駅","14","月兎（ゲット）","御徒町駅南口","https://www.esthe-ranking.jp/ueno/shop-detail/ce4d6a9c-fd05-4d6a-91b4-9a7b3a919956/","0","保留","候補なし","","","",""
"60","manual","御徒町駅","14","夜桜","御徒町駅南口","https://www.esthe-ranking.jp/kamata/shop-detail/0d2736f1-33c2-4b95-9348-162e85f4b017/","0","保留","候補なし","","","",""
"61","manual","御徒町駅","14","癒やし空間","御徒町駅","https://www.esthe-ranking.jp/ueno/shop-detail/b1554a13-bbca-4f01-9384-8f370f3a9a55/","0","保留","候補なし","","","",""
"62","manual","府中駅","14","Dear～ディア～ 府中店","府中駅","https://www.esthe-ranking.jp/fuchu/shop-detail/92323103-d160-4239-bb9a-a583a1cf87fe/","0","保留","候補なし","","","",""
"63","manual","府中駅","14","Mermaid（マーメイド）","府中駅","https://www.esthe-ranking.jp/fuchu/shop-detail/db1d2940-c7d9-424b-a849-2cccfc205b89/","0","保留","候補なし","","","",""
"64","manual","府中駅","14","ニーハオ","府中駅東","https://www.esthe-ranking.jp/fuchu/shop-detail/94e69661-91a9-4ea3-99ba-e57da114b83a/","0","保留","候補なし","","","",""
"65","manual","府中駅","14","ミセス美オーラ","府中駅","https://www.esthe-ranking.jp/fuchu/shop-detail/6d123f5c-b6e7-40c5-8fe1-0ddd00ed9309/","0","保留","候補なし","","","",""
"66","manual","府中駅","14","もみ娘","府中駅","https://www.esthe-ranking.jp/fuchu/shop-detail/9d227300-311b-45ed-b939-49dcfdc72a2a/","0","保留","候補なし","","","",""
"67","manual","府中駅","14","音～オン～","府中駅南口","https://www.esthe-ranking.jp/fuchu/shop-detail/f015ed07-3cca-4807-8cc5-0886c9ee2cd3/","0","保留","候補なし","","","",""
"68","manual","府中駅","14","可愛い猫ちゃん","府中駅東口","https://www.esthe-ranking.jp/fuchu/shop-detail/d91991aa-f3c8-47c4-9db9-b2720e2535d2/","0","保留","候補なし","","","",""
"69","manual","府中駅","14","花咲","府中駅","https://www.esthe-ranking.jp/fuchu/shop-detail/94111f93-7164-4a7c-a3b9-a63849d8ac19/","0","保留","候補なし","","","",""
"70","manual","府中駅","14","花水木","府中駅南口","https://www.esthe-ranking.jp/fuchu/shop-detail/17228b7e-443f-4626-803f-ac5fff188ebf/","0","保留","候補なし","","","",""
"71","manual","府中駅","14","甘えん坊","府中駅","https://www.esthe-ranking.jp/fuchu/shop-detail/37af1ca9-2924-4d34-8544-0b9c1f553c04/","0","保留","候補なし","","","",""
"72","manual","府中駅","14","銀の鈴","府中駅","https://www.esthe-ranking.jp/fuchu/shop-detail/1371beb0-88a1-4110-82f7-8e487a43187b/","0","保留","候補なし","","","",""
"73","manual","府中駅","14","激アツのコイ","府中駅","https://www.esthe-ranking.jp/fuchu/shop-detail/4be87cf9-69e0-470d-bfd3-ec290813dcbf/","0","保留","候補なし","","","",""
"74","manual","府中駅","14","静","府中駅北口","https://www.esthe-ranking.jp/fuchu/shop-detail/32fa0055-40b9-4e4a-842d-ffc5e8302177/","0","保留","候補なし","","","",""
"75","manual","府中駅","14","癒し苑","府中駅南口","https://www.esthe-ranking.jp/fuchu/shop-detail/c01bfca5-ec47-4c91-9c91-6a2eda5ddea3/","0","保留","候補なし","","","",""
"76","manual","荻窪駅","12","bad kitty","荻窪駅","https://www.esthe-ranking.jp/ogikubo/shop-detail/dcbd0db2-0b55-4fed-99f1-8ce833d116f8/","0","保留","候補なし","","","",""
"77","manual","荻窪駅","12","CANEEL～キャネール～","荻窪駅南口","https://www.esthe-ranking.jp/ogikubo/shop-detail/ce18e86c-5382-404f-87f8-a31e37f23d41/","0","保留","候補なし","","","",""
"78","manual","荻窪駅","12","FULA FULA","荻窪駅","https://www.esthe-ranking.jp/ogikubo/shop-detail/eb5306fa-9219-4d13-b164-d5c4a0661cca/","0","保留","候補なし","","","",""
"79","manual","荻窪駅","12","kokoro（こころ）","荻窪駅南口","https://www.esthe-ranking.jp/ogikubo/shop-detail/5be662d5-7c70-4240-9e03-5a2cf54bb579/","0","保留","候補なし","","","",""
"80","manual","荻窪駅","12","Mistuki～見月～","荻窪駅西口","https://www.esthe-ranking.jp/ogikubo/shop-detail/10a6587c-7ec1-4893-92c3-2fbc35195204/","0","保留","候補なし","","","",""
"81","manual","荻窪駅","12","SPA ONLY ONE","荻窪駅北口","https://www.esthe-ranking.jp/ogikubo/shop-detail/f77634bd-a9a5-4609-a963-fc20f9d5f463/","0","保留","候補なし","","","",""
"82","manual","荻窪駅","12","ショコラ","荻窪駅西口","https://www.esthe-ranking.jp/ogikubo/shop-detail/ffffb72a-ebe6-47d6-b054-e97200fcc8da/","0","保留","候補なし","","","",""
"83","manual","荻窪駅","12","ピュア","荻窪駅北口5分","https://www.esthe-ranking.jp/ogikubo/shop-detail/0d290f6b-bba8-42a0-a885-5d1ae099a6ee/","0","保留","候補なし","","","",""
"84","manual","荻窪駅","12","フルール","荻窪駅南口","https://www.esthe-ranking.jp/ogikubo/shop-detail/1246229e-b663-4e0b-acc6-e47b58b8da71/","0","保留","候補なし","","","",""
"85","manual","荻窪駅","12","もえ娘","荻窪駅西口","https://www.esthe-ranking.jp/ogikubo/shop-detail/0c93dad9-26c0-468d-8fb0-28f6233ce132/","0","保留","候補なし","","","",""
"86","manual","荻窪駅","12","ラキュア","荻窪駅南口","https://www.esthe-ranking.jp/ogikubo/shop-detail/658a2588-7393-4362-98df-d4685bd7edb7/","0","保留","候補なし","","","",""
"87","manual","荻窪駅","12","ワクワク","荻窪駅南口","https://www.esthe-ranking.jp/ogikubo/shop-detail/408dc84c-507f-4b45-94a8-97688c860332/","0","保留","候補なし","","","",""
"88","manual","上野駅","12","20代のbaby","上野駅","https://www.esthe-ranking.jp/ueno/shop-detail/c9f26c65-a9b4-4e8b-9b9a-e498c61bf075/","0","保留","候補なし","","","",""
"89","manual","上野駅","12","for you（フォーユー）","上野駅浅草口","https://www.esthe-ranking.jp/ueno/shop-detail/9de3f025-e2ca-437e-b015-360fb73bee7c/","0","保留","候補なし","","","",""
"90","manual","上野駅","12","さくらんぼ","上野駅","https://www.esthe-ranking.jp/ueno/shop-detail/fb5c289c-1d88-45a1-b94b-6bbcb52ebfca/","0","保留","候補なし","","","",""
"91","manual","上野駅","12","チェンマイ","上野駅","https://www.esthe-ranking.jp/ueno/shop-detail/b6bf78dc-e262-419c-84b7-57b6d4a0dbb4/","0","保留","候補なし","","","",""
"92","manual","上野駅","12","パッタナースパ","上野駅","https://www.esthe-ranking.jp/ueno/shop-detail/0d57772d-2e30-4dc3-ab58-fe6f0511559e/","0","保留","候補なし","","","",""
"93","manual","上野駅","12","ベトナムLOVE","上野駅入谷口","https://www.esthe-ranking.jp/ueno/shop-detail/93639029-f075-4440-81c3-867b10e48a08/","0","保留","候補なし","","","",""
"94","manual","上野駅","12","ベトナム人NEWSPA 上野駅と秋葉原駅店","上野駅入谷口","https://www.esthe-ranking.jp/ueno/shop-detail/caada850-8365-4840-a07c-e4f6433f7193/","0","保留","候補なし","","","",""
"95","manual","上野駅","12","ベトナム美癒し館","上野駅","https://www.esthe-ranking.jp/ueno/shop-detail/c411d1ed-9bcb-4ce9-8726-b20475b0edf1/","0","保留","候補なし","","","",""
"96","manual","上野駅","12","ラックン","上野駅","https://www.esthe-ranking.jp/ueno/shop-detail/19d41052-8291-4b9c-a265-d12fcafcf04a/","0","保留","候補なし","","","",""
"97","manual","上野駅","12","女手","上野駅浅草口","https://www.esthe-ranking.jp/ueno/shop-detail/946e6fd6-7b79-4c45-b146-f7a71b9f4b31/","0","保留","候補なし","","","",""
"98","manual","上野駅","12","蝶々（ちょうちょう）","上野駅入谷口","https://www.esthe-ranking.jp/ueno/shop-detail/975a2272-2c91-4caa-8453-f61093495af1/","0","保留","候補なし","","","",""
"99","manual","上野駅","12","魅惑の女","上野駅","https://www.esthe-ranking.jp/ueno/shop-detail/9ff061e1-e66c-46c7-b87e-39d9f07217f4/","0","保留","候補なし","","","",""
"100","manual","門前仲町駅","10","CARNET （カルネ）","門前仲町駅","https://www.esthe-ranking.jp/monnaka/shop-detail/93630c2f-6f42-4fea-bc89-4e9ed16a87a2/","0","保留","候補なし","","","",""
"101","manual","門前仲町駅","10","momiyoshi","門前仲町駅6番出口","https://www.esthe-ranking.jp/monnaka/shop-detail/877c70d1-2d36-414d-b0d7-383d5d9e18a4/","0","保留","候補なし","","","",""
"102","manual","門前仲町駅","10","ORION（オリオン）","門前仲町駅5番出口","https://www.esthe-ranking.jp/monnaka/shop-detail/eab89bd9-1b7b-4db5-ac3e-885614035b73/","0","保留","候補なし","","","",""
"103","manual","門前仲町駅","10","Papaya","門前仲町駅","https://www.esthe-ranking.jp/monnaka/shop-detail/c26951a2-3536-4311-bdbe-55d48e599397/","0","保留","候補なし","","","",""
"104","manual","門前仲町駅","10","Private Salon（プライベートサロン）","門前仲町駅4番出口","https://www.esthe-ranking.jp/monnaka/shop-detail/8bcbac54-bb44-42f3-9b2c-e6be89642489/","0","保留","候補なし","","","",""
"105","manual","門前仲町駅","10","花の女","門前仲町駅","https://www.esthe-ranking.jp/monnaka/shop-detail/b47388b6-351f-4201-b7f0-ee7d823f3372/","0","保留","候補なし","","","",""
"106","manual","門前仲町駅","10","桂苑（カツラエン）","門前仲町駅3番出口","https://www.esthe-ranking.jp/monnaka/shop-detail/354a0cbf-56a3-46cb-89cd-c2979da9e78b/","0","保留","候補なし","","","",""
"107","manual","門前仲町駅","10","秘密の癒し部屋","門前仲町駅6番出口","https://www.esthe-ranking.jp/monnaka/shop-detail/05e3c705-caac-4975-8857-7a2d9a8e17a9/","0","保留","候補なし","","","",""
"108","manual","門前仲町駅","10","唯一","門前仲町駅4番出口","https://www.esthe-ranking.jp/monnaka/shop-detail/62a4b38f-1da3-41e7-a01b-a3855e574e0e/","0","保留","候補なし","","","",""
"109","manual","門前仲町駅","10","恋人ごっこ","門前仲町駅4番出口","https://www.esthe-ranking.jp/monnaka/shop-detail/633f1ea3-e796-4e1f-80f6-db36bfdf93dd/","0","保留","候補なし","","","",""
"110","manual","大井町駅","9","kiss me","大井町駅西口","https://www.esthe-ranking.jp/kamata/shop-detail/8ff6b5ca-9ca1-4184-a12d-5836b8c13247/","0","保留","候補なし","","","",""
"111","manual","大井町駅","9","OLALA（オララ）","大井町駅","https://www.esthe-ranking.jp/kamata/shop-detail/1037d5c5-fee0-42b2-9bcb-cf128d523118/","0","保留","候補なし","","","",""
"112","manual","大井町駅","9","SENAL（シュナイ）","大井町駅中央口","https://www.esthe-ranking.jp/kamata/shop-detail/cc8700e1-0185-471c-ad92-9b6f9b0c61de/","0","保留","候補なし","","","",""
"113","manual","大井町駅","9","Suzu蘭","大井町駅","https://www.esthe-ranking.jp/kamata/shop-detail/4dcbb22c-0480-4e7b-85c9-e937dafa8acf/","0","保留","候補なし","","","",""
"114","manual","大井町駅","9","シャレンドGirl","大井町駅","https://www.esthe-ranking.jp/kamata/shop-detail/42b61b9c-1398-4317-9fea-fd3b6c7a1979/","0","保留","候補なし","","","",""
"115","manual","大井町駅","9","ハッピー～Happy～","大井町駅西口","https://www.esthe-ranking.jp/kamata/shop-detail/8f68bdb6-7ce9-4337-ab9a-788a379b836c/","0","保留","候補なし","","","",""
"116","manual","大井町駅","9","ラブラブ","大井町駅","https://www.esthe-ranking.jp/kamata/shop-detail/c6329028-d833-46d3-ba57-8a0047b83568/","0","保留","候補なし","","","",""
"117","manual","大井町駅","9","美楽みらく","大井町駅","https://www.esthe-ranking.jp/kamata/shop-detail/5fb2e012-0094-4352-9baf-ccd162b59014/","0","保留","候補なし","","","",""
"118","manual","大井町駅","9","美姫","大井町駅","https://www.esthe-ranking.jp/kamata/shop-detail/33e9169c-3af5-4aff-9588-ce7af56c44b9/","0","保留","候補なし","","","",""
"119","manual","池袋駅","9","SHE","池袋駅","https://www.esthe-ranking.jp/ikebukuro/shop-detail/226ce146-e199-4455-9af4-42b3f5781c82/","0","保留","候補なし","","","",""
"120","manual","池袋駅","9","Sugar","池袋駅北口","https://www.esthe-ranking.jp/ikebukuro/shop-detail/2d0c4486-4dd6-4746-bf23-9e6e456a3d2f/","0","保留","候補なし","","","",""
"121","manual","池袋駅","9","ディープリンパクト","池袋駅西口","https://www.esthe-ranking.jp/ikebukuro/shop-detail/ca964e45-929b-418b-9972-5e8244aff1fc/","0","保留","候補なし","","","",""
"122","manual","池袋駅","9","ナーラック","池袋駅西口","https://www.esthe-ranking.jp/ikebukuro/shop-detail/66cebbeb-92b4-4f87-b6fc-6ba783f23528/","0","保留","候補なし","","","",""
"123","manual","池袋駅","9","俺の秘密基地","池袋駅北口","https://www.esthe-ranking.jp/ikebukuro/shop-detail/c63849d4-5f17-465d-8d75-9108e1acde5c/","0","保留","候補なし","","","",""
"124","manual","池袋駅","9","花水木","池袋駅北口","https://www.esthe-ranking.jp/ueno/shop-detail/0418cc7a-4def-46c2-ac17-7ae3a1226f78/","0","保留","候補なし","","","",""
"125","manual","池袋駅","9","花水木","池袋駅北口","https://www.esthe-ranking.jp/ikebukuro/shop-detail/898b6c12-21cb-4524-967e-d431bcd6fa5b/","0","保留","候補なし","","","",""
"126","manual","池袋駅","9","蜜姫","池袋駅北口","https://www.esthe-ranking.jp/ikebukuro/shop-detail/48b725c6-497e-476a-a502-c7f0ad398508/","0","保留","候補なし","","","",""
"127","manual","池袋駅","9","癒しの苑","池袋駅西武東口","https://www.esthe-ranking.jp/ikebukuro/shop-detail/cd461fd5-0358-43cf-8fa4-efe834b33ec9/","0","保留","候補なし","","","",""
"128","manual","三鷹駅","8","Doll House","三鷹駅南口","https://www.esthe-ranking.jp/kichijoji/shop-detail/88aff52c-a493-499d-8f1f-b56f8f869c65/","0","保留","候補なし","","","",""
"129","manual","三鷹駅","8","Kiss Me","三鷹駅","https://www.esthe-ranking.jp/kichijoji/shop-detail/1d43466f-33a1-4f58-b7b2-5e55580d19f1/","0","保留","候補なし","","","",""
"130","manual","三鷹駅","8","Pink Momo","三鷹駅","https://www.esthe-ranking.jp/kichijoji/shop-detail/d214640a-df21-4501-85e0-841fd89c2969/","0","保留","候補なし","","","",""
"131","manual","三鷹駅","8","エス・トップ","三鷹駅南口","https://www.esthe-ranking.jp/kichijoji/shop-detail/0044bb4a-c2ea-432c-95d9-5541e6b6ffbe/","0","保留","候補なし","","","",""
"132","manual","三鷹駅","8","ナイトパーティー","三鷹駅","https://www.esthe-ranking.jp/kichijoji/shop-detail/48f77990-905d-4590-90cb-91244ec9027d/","0","保留","候補なし","","","",""
"133","manual","三鷹駅","8","はちみつ","三鷹駅","https://www.esthe-ranking.jp/kichijoji/shop-detail/3e40e59e-46ec-4b0d-99ba-576639531801/","0","保留","候補なし","","","",""
"134","manual","三鷹駅","8","ラビット","三鷹駅南口","https://www.esthe-ranking.jp/kichijoji/shop-detail/8917c66c-8b0e-4ce7-a320-1f9d3928b431/","0","保留","候補なし","","","",""
"135","manual","三鷹駅","8","幸せのSpa","三鷹駅","https://www.esthe-ranking.jp/kichijoji/shop-detail/f42dbf81-f542-4495-a428-db7923590dbd/","0","保留","候補なし","","","",""
"136","manual","葛西駅","7","CUTE～キュート～","葛西駅","https://www.esthe-ranking.jp/kasai/shop-detail/e70fa3d1-a50d-4e9c-95f1-fda678e0bc45/","0","保留","候補なし","","","",""
"137","manual","葛西駅","7","Royal","葛西駅西口","https://www.esthe-ranking.jp/kasai/shop-detail/4c7897fb-f04c-4edc-bbcd-b502e1fd424e/","0","保留","候補なし","","","",""
"138","manual","葛西駅","7","ダーリン","葛西駅中央口","https://www.esthe-ranking.jp/kasai/shop-detail/e0cf9118-3725-42ff-8a66-ac85b9b65e15/","0","保留","候補なし","","","",""
"139","manual","葛西駅","7","雅～Miyabi～","葛西駅","https://www.esthe-ranking.jp/kasai/shop-detail/403992a0-0a0d-4391-997c-4596c1d8c866/","0","保留","候補なし","","","",""
"140","manual","葛西駅","7","楽園","葛西駅","https://www.esthe-ranking.jp/kasai/shop-detail/c73bc488-8a92-4196-b8b9-668eea545d55/","0","保留","候補なし","","","",""
"141","manual","葛西駅","7","心楽","葛西駅北口","https://www.esthe-ranking.jp/kasai/shop-detail/bf216d3a-ba83-4f34-850b-e57e5039301e/","0","保留","候補なし","","","",""
"142","manual","葛西駅","7","蜜桃～Momo～","葛西駅","https://www.esthe-ranking.jp/kasai/shop-detail/894f2067-6d0d-493f-b7fa-c9a703848806/","0","保留","候補なし","","","",""
"143","manual","竹ノ塚駅","7","Aroma Palace","竹ノ塚駅","https://www.esthe-ranking.jp/kameari/shop-detail/e4db837e-c567-457f-82e2-5e21d41a97d0/","0","保留","候補なし","","","",""
"144","manual","竹ノ塚駅","7","Coisuru COCORO","竹ノ塚駅東口","https://www.esthe-ranking.jp/kameari/shop-detail/60f9f814-4f0c-4f07-bc45-510c6dcd6714/","0","保留","候補なし","","","",""
"145","manual","竹ノ塚駅","7","For You","竹ノ塚駅","https://www.esthe-ranking.jp/kameari/shop-detail/429a6bb5-bae3-4a55-add7-45477d49bf1a/","0","保留","候補なし","","","",""
"146","manual","竹ノ塚駅","7","rare（レア）","竹ノ塚駅東口","https://www.esthe-ranking.jp/kameari/shop-detail/5b91ad7c-35e1-431d-a899-a3c410d84890/","0","保留","候補なし","","","",""
"147","manual","竹ノ塚駅","7","桜（さくら）","竹ノ塚駅東口","https://www.esthe-ranking.jp/kameari/shop-detail/cc72b9fe-7544-4219-92db-224274a0d854/","0","保留","候補なし","","","",""
"148","manual","竹ノ塚駅","7","夜の癒","竹ノ塚駅東口","https://www.esthe-ranking.jp/kameari/shop-detail/b3a9558b-e56d-4f95-98c5-5430d0c40800/","0","保留","候補なし","","","",""
"149","manual","竹ノ塚駅","7","癒し空間","竹ノ塚駅東口","https://www.esthe-ranking.jp/kameari/shop-detail/5d5b0dad-8a9c-40e5-a6bf-d4dd2986dcc2/","0","保留","候補なし","","","",""
"150","manual","久米川駅","6","Flower","久米川駅南口","https://www.esthe-ranking.jp/kumegawa/shop-detail/8ee6e05b-d869-4765-a6cb-ca89fe1170ef/","0","保留","候補なし","","","",""
"151","manual","久米川駅","6","キララ","久米川駅南口","https://www.esthe-ranking.jp/kumegawa/shop-detail/d7631242-d10a-4222-b092-e65ee82aa086/","0","保留","候補なし","","","",""
"152","manual","久米川駅","6","コスモス","久米川駅","https://www.esthe-ranking.jp/kumegawa/shop-detail/908eeac2-a016-489e-bb15-82f66115d9eb/","0","保留","候補なし","","","",""
"153","manual","久米川駅","6","愛恋Love","久米川駅","https://www.esthe-ranking.jp/kumegawa/shop-detail/6107b470-8e79-4b4d-917e-5be32c41c821/","0","保留","候補なし","","","",""
"154","manual","久米川駅","6","吉日","久米川駅南口","https://www.esthe-ranking.jp/kumegawa/shop-detail/3c101437-01dd-4aaa-bb9c-11070034610a/","0","保留","候補なし","","","",""
"155","manual","久米川駅","6","夢の姫","久米川駅南口","https://www.esthe-ranking.jp/kumegawa/shop-detail/b289269c-eda1-4690-b6ea-8d0b2f06fd1d/","0","保留","候補なし","","","",""
"156","manual","国分寺駅","6","Mermaid（マーメイド）","国分寺駅南口","https://www.esthe-ranking.jp/kokubunji/shop-detail/83f94afa-7873-46f8-b5ef-c39ca488d00d/","0","保留","候補なし","","","",""
"157","manual","国分寺駅","6","もも","国分寺駅","https://www.esthe-ranking.jp/kokubunji/shop-detail/1846d85e-8c36-42fa-b432-ddaef32d5bdf/","0","保留","候補なし","","","",""
"158","manual","国分寺駅","6","モモハニー","国分寺駅北口","https://www.esthe-ranking.jp/kokubunji/shop-detail/838e6b32-6d8a-4e49-bb05-4ddd732f9afc/","0","保留","候補なし","","","",""
"159","manual","国分寺駅","6","一目惚れ","国分寺駅","https://www.esthe-ranking.jp/kokubunji/shop-detail/35a73d48-d262-47ba-8c21-cda3611f73a3/","0","保留","候補なし","","","",""
"160","manual","国分寺駅","6","初音","国分寺駅","https://www.esthe-ranking.jp/kokubunji/shop-detail/200b1d01-c94b-4c6a-9d43-8a1e1a03e8c8/","0","保留","候補なし","","","",""
"161","manual","国分寺駅","6","美月（みづき）","国分寺駅北口","https://www.esthe-ranking.jp/kokubunji/shop-detail/3923839e-e093-40e9-aadd-c48eb6b2bc43/","0","保留","候補なし","","","",""
"162","manual","笹塚駅","6","Nuadsabai（ヌアサバイ）","笹塚駅","https://www.esthe-ranking.jp/hatsudai/shop-detail/ad0277e2-4ce8-4719-b553-8b78d2d5ff03/","0","保留","候補なし","","","",""
"163","manual","笹塚駅","6","Oasis（オアシス）","笹塚駅北口","https://www.esthe-ranking.jp/hatsudai/shop-detail/c53078fa-1be6-48df-9a04-3a833846b181/","0","保留","候補なし","","","",""
"164","manual","笹塚駅","6","きらら","笹塚駅","https://www.esthe-ranking.jp/hatsudai/shop-detail/4d378032-b9a5-40e7-9de4-1b2e96ea6f6c/","0","保留","候補なし","","","",""
"165","manual","笹塚駅","6","ダーリン","笹塚駅北口","https://www.esthe-ranking.jp/hatsudai/shop-detail/e77d5ebc-39e6-4c84-a5cf-b0ecccdff222/","0","保留","候補なし","","","",""
"166","manual","笹塚駅","6","パンドラ","笹塚駅","https://www.esthe-ranking.jp/hatsudai/shop-detail/be04de29-2019-4311-b7fa-d885d31ae9b7/","0","保留","候補なし","","","",""
"167","manual","笹塚駅","6","猫娘","笹塚駅北口","https://www.esthe-ranking.jp/hatsudai/shop-detail/fa018cbf-cba7-4923-b4c5-f1db8165ed29/","0","保留","候補なし","","","",""
"168","manual","新小岩駅","6","Enjoy","新小岩駅","https://www.esthe-ranking.jp/kameido/shop-detail/0fbed184-0742-4a58-8f2c-10177f2dc089/","0","保留","候補なし","","","",""
"169","manual","新小岩駅","6","さくら","新小岩駅北口","https://www.esthe-ranking.jp/kameido/shop-detail/f2e5b06f-d01f-443c-a0e4-2261509890e4/","0","保留","候補なし","","","",""
"170","manual","新小岩駅","6","ひまわり","新小岩駅南口","https://www.esthe-ranking.jp/kameido/shop-detail/91d79c84-655b-458f-8c0d-af11484cbc7c/","0","保留","候補なし","","","",""
"171","manual","新小岩駅","6","愛の虹","新小岩駅南口","https://www.esthe-ranking.jp/kameido/shop-detail/161d90e5-5f37-4f90-b4f3-4a66ce930ba0/","0","保留","候補なし","","","",""
"172","manual","新小岩駅","6","花ノ～Flowers～","新小岩駅北口","https://www.esthe-ranking.jp/kameido/shop-detail/0db8a4b9-669e-43d5-b928-7cb29bc21d2b/","0","保留","候補なし","","","",""
"173","manual","新小岩駅","6","美楽（びらく）","新小岩駅南口","https://www.esthe-ranking.jp/kameido/shop-detail/7d0f6eaf-8a03-4f93-a1f4-c5a6d7117627/","0","保留","候補なし","","","",""
"174","manual","神田駅","6","COCORO","神田駅東口","https://www.esthe-ranking.jp/kanda/shop-detail/043d434d-752b-4e9b-b88c-d25ef1929c06/","0","保留","候補なし","","","",""
"175","manual","神田駅","6","花マッチ","神田駅北口","https://www.esthe-ranking.jp/kanda/shop-detail/0a1c0c83-a7aa-4f4c-8fbd-68e80f4b8ea6/","0","保留","候補なし","","","",""
"176","manual","神田駅","6","元気モリモリ","神田駅東口","https://www.esthe-ranking.jp/kanda/shop-detail/ddd9d083-cfd1-41a8-b2b9-fb718b96d7b4/","0","保留","候補なし","","","",""
"177","manual","神田駅","6","香音（かのん）","神田駅西・北口","https://www.esthe-ranking.jp/kanda/shop-detail/adb3ec7f-2184-44a3-9931-17e50b9d9120/","0","保留","候補なし","","","",""
"178","manual","神田駅","6","順風","神田駅東口","https://www.esthe-ranking.jp/kanda/shop-detail/f453e44e-c779-43a2-b660-1b21e9f78528/","0","保留","候補なし","","","",""
"179","manual","神田駅","6","癒やし家","神田駅西口","https://www.esthe-ranking.jp/kanda/shop-detail/8609f754-500f-4be4-8878-9a2b4edcc4bf/","0","保留","候補なし","","","",""
"180","manual","千歳烏山駅","6","Carel","千歳烏山駅3分","https://www.esthe-ranking.jp/chofu/shop-detail/19187a83-c1a2-4243-adbd-20765b00134b/","0","保留","候補なし","","","",""
"181","manual","千歳烏山駅","6","RELAXLUCK","千歳烏山駅西口","https://www.esthe-ranking.jp/chofu/shop-detail/11504ca3-aded-4ff9-9f3b-dac5a80d9ce9/","0","保留","候補なし","","","",""
"182","manual","千歳烏山駅","6","パルム","千歳烏山駅","https://www.esthe-ranking.jp/chofu/shop-detail/23a0070d-833c-4e76-9499-dac701606eba/","0","保留","候補なし","","","",""
"183","manual","千歳烏山駅","6","ほぼ100%","千歳烏山駅北口","https://www.esthe-ranking.jp/chofu/shop-detail/31a35c57-2b21-47aa-808c-4c6197b3dc3e/","0","保留","候補なし","","","",""
"184","manual","千歳烏山駅","6","桜（サクラ）","千歳烏山駅南口","https://www.esthe-ranking.jp/chofu/shop-detail/c1a105f6-0f3e-4280-8dcf-1a50e54573b2/","0","保留","候補なし","","","",""
"185","manual","千歳烏山駅","6","木にいる","千歳烏山駅","https://www.esthe-ranking.jp/chofu/shop-detail/123d5fe6-81b0-4ade-b1c9-cc2f834d0aac/","0","保留","候補なし","","","",""
"186","manual","町田駅","6","AKiKO（あきこ）","町田駅","https://www.esthe-ranking.jp/machida/shop-detail/96197759-3d7e-47c9-805f-fb65b5857f44/","0","保留","候補なし","","","",""
"187","manual","町田駅","6","もっこり整体","町田駅北口","https://www.esthe-ranking.jp/machida/shop-detail/69350424-4383-42e2-b82c-3f88d7c72842/","0","保留","候補なし","","","",""
"188","manual","町田駅","6","可愛いGIRL","町田駅","https://www.esthe-ranking.jp/machida/shop-detail/fe9e7ced-a8aa-4d4a-bdbc-707c6d0547b8/","0","保留","候補なし","","","",""
"189","manual","町田駅","6","花音（かのん）","町田駅","https://www.esthe-ranking.jp/machida/shop-detail/fe8cf92b-3d97-49db-8fc1-965706d2c268/","0","保留","候補なし","","","",""
"190","manual","町田駅","6","春の夜","町田駅","https://www.esthe-ranking.jp/machida/shop-detail/7b2db397-861f-40bd-a06c-f8a527de4771/","0","保留","候補なし","","","",""
"191","manual","町田駅","6","整う夜3&5","町田駅北口","https://www.esthe-ranking.jp/machida/shop-detail/bb781883-46be-4a1e-8b75-9a3966335a2b/","0","保留","候補なし","","","",""
"192","manual","綾瀬駅","5","Artist（アーティスト）","綾瀬駅","https://www.esthe-ranking.jp/kameari/shop-detail/9933dd90-f498-4d5d-a4ba-ef44542e82f1/","0","保留","候補なし","","","",""
"193","manual","綾瀬駅","5","GOLD CROWN","綾瀬駅","https://www.esthe-ranking.jp/kameari/shop-detail/af0b710f-87fa-4741-b4f0-ad10569c80b8/","0","保留","候補なし","","","",""
"194","manual","綾瀬駅","5","ロリポップ","綾瀬駅西口","https://www.esthe-ranking.jp/kameari/shop-detail/cb93864a-12a3-4b38-94d0-2857b132799a/","0","保留","候補なし","","","",""
"195","manual","綾瀬駅","5","縁（えん）","綾瀬駅","https://www.esthe-ranking.jp/kameari/shop-detail/524fb953-db9f-4282-8cf1-43abbe26bbba/","0","保留","候補なし","","","",""
"196","manual","綾瀬駅","5","癒しの楽園","綾瀬駅東口","https://www.esthe-ranking.jp/kameari/shop-detail/e3eb375f-da98-4614-a5aa-aef0072ef3bc/","0","保留","候補なし","","","",""
"197","manual","亀有駅","5","Angela（アンジェラ）","亀有駅北口","https://www.esthe-ranking.jp/kameari/shop-detail/8e5d827f-78a3-49f8-a7d0-5546a52e11a5/","0","保留","候補なし","","","",""
"198","manual","亀有駅","5","HAPPY TIME","亀有駅3分","https://www.esthe-ranking.jp/kameari/shop-detail/57668521-fff7-4631-b6c9-bd4264022535/","0","保留","候補なし","","","",""
"199","manual","亀有駅","5","Missing U","亀有駅","https://www.esthe-ranking.jp/kameari/shop-detail/b3f60d6e-7bd0-41a0-98ca-c5a7f915b292/","0","保留","候補なし","","","",""
"200","manual","亀有駅","5","ROSE～ローズ～","亀有駅南口","https://www.esthe-ranking.jp/kameari/shop-detail/b16aea97-40f4-4e04-9a26-3544ddd2026d/","0","保留","候補なし","","","",""
"201","manual","亀有駅","5","天使","亀有駅北口","https://www.esthe-ranking.jp/kameari/shop-detail/166f89f9-cbd9-4eef-93e1-ff7979cfe085/","0","保留","候補なし","","","",""
"202","manual","錦糸町駅","5","Dream（ドリーム）","錦糸町駅南口","https://www.esthe-ranking.jp/kinshicho/shop-detail/a388f6df-68af-4a89-9c28-5f9af2b62a7c/","0","保留","候補なし","","","",""
"203","manual","錦糸町駅","5","VIVI","錦糸町駅北口","https://www.esthe-ranking.jp/kinshicho/shop-detail/e9986616-4418-42b7-8179-171cfa140b4d/","0","保留","候補なし","","","",""
"204","manual","錦糸町駅","5","楽園","錦糸町駅北口","https://www.esthe-ranking.jp/akihabara/shop-detail/3f492e2e-6a82-4aeb-9b9c-98156f33d370/","0","保留","候補なし","","","",""
"205","manual","錦糸町駅","5","優楽館","錦糸町駅南口","https://www.esthe-ranking.jp/kinshicho/shop-detail/518aaa67-4df6-47ee-8692-e31d9667e097/","0","保留","候補なし","","","",""
"206","manual","錦糸町駅","5","恋（こい）","錦糸町駅南口","https://www.esthe-ranking.jp/kinshicho/shop-detail/d17fb624-42b8-4b01-be29-c9135f49f1d0/","0","保留","候補なし","","","",""
"207","manual","高円寺駅","5","Green","高円寺駅南口","https://www.esthe-ranking.jp/nakano/shop-detail/5297e33c-aece-415c-bb5c-cb1e3e2fd454/","0","保留","候補なし","","","",""
"208","manual","高円寺駅","5","ピュアハート","高円寺駅北口","https://www.esthe-ranking.jp/nakano/shop-detail/acc26bec-6909-4b89-8a4a-53408c26f9cf/","0","保留","候補なし","","","",""
"209","manual","高円寺駅","5","ヨツンタイ","高円寺駅南口","https://www.esthe-ranking.jp/nakano/shop-detail/b5c12e9e-11e0-4d0a-a594-b08fdbf1e174/","0","保留","候補なし","","","",""
"210","manual","高円寺駅","5","油雅","高円寺駅北口","https://www.esthe-ranking.jp/nakano/shop-detail/55c28d33-f56f-4bc7-99e1-03ab1d294eef/","0","保留","候補なし","","","",""
"211","manual","高円寺駅","5","優心","高円寺駅北口","https://www.esthe-ranking.jp/nakano/shop-detail/62d10a49-27f7-48e4-81fd-8bff61a54f5f/","0","保留","候補なし","","","",""
"212","manual","新富町駅","5","ANNEX （アネックス）","新富町駅","https://www.esthe-ranking.jp/ginza/shop-detail/f5ec4893-2ed7-4b0f-a5fb-acb071eaa28f/","0","保留","候補なし","","","",""
"213","manual","新富町駅","5","mint","新富町駅","https://www.esthe-ranking.jp/ginza/shop-detail/316482f1-de6f-44f3-bf5d-fda2fce40240/","0","保留","候補なし","","","",""
"214","manual","新富町駅","5","Sirena （シレーナ）","新富町駅","https://www.esthe-ranking.jp/ginza/shop-detail/880b3638-bb17-4299-84e3-6dac5142f8b2/","0","保留","候補なし","","","",""
"215","manual","新富町駅","5","レモン","新富町駅","https://www.esthe-ranking.jp/ginza/shop-detail/f47b7d43-d56b-45cc-af82-021b6b1c2a78/","0","保留","候補なし","","","",""
"216","manual","新富町駅","5","半熟ピーチ（はんじゅくピーチ）","新富町駅1番出口","https://www.esthe-ranking.jp/ginza/shop-detail/c829dffe-2fe7-431f-bed7-faaf3e7f5e29/","0","保留","候補なし","","","",""
"217","manual","聖蹟桜ヶ丘駅","5","ELLE","聖蹟桜ヶ丘駅","https://www.esthe-ranking.jp/fuchu/shop-detail/693652d6-8217-4cae-a60e-fd8fb3207623/","0","保留","候補なし","","","",""
"218","manual","聖蹟桜ヶ丘駅","5","Lotus（ロータス）","聖蹟桜ヶ丘駅西口1分","https://www.esthe-ranking.jp/fuchu/shop-detail/3964e48b-809f-4d5c-8385-0ba9097973d9/","0","保留","候補なし","","","",""
"219","manual","聖蹟桜ヶ丘駅","5","アイミスユー","聖蹟桜ヶ丘駅","https://www.esthe-ranking.jp/fuchu/shop-detail/2702e87f-d06e-4fd8-90eb-feef2e00f785/","0","保留","候補なし","","","",""
"220","manual","聖蹟桜ヶ丘駅","5","楽園","聖蹟桜ヶ丘駅東口","https://www.esthe-ranking.jp/fuchu/shop-detail/f65984b8-af3b-4b61-8803-d4dc9d27440d/","0","保留","候補なし","","","",""
"221","manual","聖蹟桜ヶ丘駅","5","悠々ランド","聖蹟桜ヶ丘駅東口","https://www.esthe-ranking.jp/fuchu/shop-detail/112d1eaa-2396-4324-9669-61327f94ad99/","0","保留","候補なし","","","",""
"222","manual","西荻窪駅","5","OffSide（オフサイド）","西荻窪駅北口","https://www.esthe-ranking.jp/ogikubo/shop-detail/99854076-d996-41f5-971c-acf6cd9dc02a/","0","保留","候補なし","","","",""
"223","manual","西荻窪駅","5","会いたい","西荻窪駅","https://www.esthe-ranking.jp/ogikubo/shop-detail/1be45f7d-12b8-4bc0-9728-554a8d5ac00d/","0","保留","候補なし","","","",""
"224","manual","西荻窪駅","5","楠木（クスノキ）","西荻窪駅南口","https://www.esthe-ranking.jp/ogikubo/shop-detail/e8f4ddfe-132d-475d-b054-8aba91a35fe3/","0","保留","候補なし","","","",""
"225","manual","西荻窪駅","5","白い恋人","西荻窪駅","https://www.esthe-ranking.jp/ogikubo/shop-detail/a2033cd5-c4e2-4f3b-8d6d-2bc26a88eef2/","0","保留","候補なし","","","",""
"226","manual","西荻窪駅","5","癒心堂（ユシンドウ）","西荻窪駅北口","https://www.esthe-ranking.jp/ogikubo/shop-detail/c767ed4e-72a9-4b52-aa19-efe318915a44/","0","保留","候補なし","","","",""
"227","manual","西武新宿駅","5","HAPPY Beauty＆Spa","西武新宿駅","https://www.esthe-ranking.jp/shinjuku/shop-detail/e7273ed0-7233-46a3-a1bf-fcc0c9990a7e/","0","保留","候補なし","","","",""
"228","manual","西武新宿駅","5","Sakura Hime Spa（サクラヒメスパ）","西武新宿駅","https://www.esthe-ranking.jp/shinjuku/shop-detail/98f9f4c3-e95e-4562-9fce-a3f541910c0f/","0","保留","候補なし","","","",""
"229","manual","西武新宿駅","5","ミン ロッブリー","西武新宿駅北口","https://www.esthe-ranking.jp/shinjuku/shop-detail/439db41c-ae6b-4a78-9e73-5267fc89ec84/","0","保留","候補なし","","","",""
"230","manual","西武新宿駅","5","百合整体マッサージ","西武新宿駅北口","https://www.esthe-ranking.jp/shinjuku/shop-detail/1c40c9a4-ed19-43b0-9aad-34573276f4bc/","0","保留","候補なし","","","",""
"231","manual","西武新宿駅","5","癒しの部屋","西武新宿駅","https://www.esthe-ranking.jp/shinjuku/shop-detail/86d8b77e-aee4-42b9-aa36-c217ab24446c/","0","保留","候補なし","","","",""
"232","manual","赤坂駅","5","In Time","赤坂駅2番出口","https://www.esthe-ranking.jp/akasaka/shop-detail/1c6c0dea-c2c2-4597-adc2-88857e0b42ee/","0","保留","候補なし","","","",""
"233","manual","赤坂駅","5","YOU Eden","赤坂駅2番出口","https://www.esthe-ranking.jp/akasaka/shop-detail/94f78a0e-6b21-4399-8aa5-4e9cd4269080/","0","保留","候補なし","","","",""
"234","manual","赤坂駅","5","プリンセス","赤坂駅2番出口","https://www.esthe-ranking.jp/akasaka/shop-detail/ab123773-3fac-47ea-b7cc-bd6ffb15f31b/","0","保留","候補なし","","","",""
"235","manual","赤坂駅","5","ベリー","赤坂駅２番出口","https://www.esthe-ranking.jp/akasaka/shop-detail/41eadd7f-e94c-488a-a650-ce31994c6a74/","0","保留","候補なし","","","",""
"236","manual","赤坂駅","5","憩いメンズエステ","赤坂駅","https://www.esthe-ranking.jp/akasaka/shop-detail/459e0710-0aaa-4905-8a83-6a623be16543/","0","保留","候補なし","","","",""
"237","manual","大森駅","5","Sweet Time（スイーツタイム）","大森駅東口","https://www.esthe-ranking.jp/kamata/shop-detail/a3d3aac8-35c3-4ecf-bfa6-af4ff97e46ff/","0","保留","候補なし","","","",""
"238","manual","大森駅","5","キャンディーミルキー","大森駅東口","https://www.esthe-ranking.jp/kamata/shop-detail/9a478c32-dbb0-4177-bfc9-838fde54e747/","0","保留","候補なし","","","",""
"239","manual","大森駅","5","チューリップ","大森駅東口","https://www.esthe-ranking.jp/kamata/shop-detail/039fc3b7-9967-4660-ba9e-ce3ce251de71/","0","保留","候補なし","","","",""
"240","manual","大森駅","5","ヒーリングマジカル","大森駅西口","https://www.esthe-ranking.jp/kamata/shop-detail/cd20eb8e-602e-40d0-999a-c6693b0d52d6/","0","保留","候補なし","","","",""
"241","manual","大森駅","5","小町","大森駅西口","https://www.esthe-ranking.jp/kamata/shop-detail/daf17c40-d245-4e1f-9adc-31eec1f8c9b4/","0","保留","候補なし","","","",""
"242","manual","大塚駅","5","Delicious girls","大塚駅","https://www.esthe-ranking.jp/otsuka/shop-detail/70a4271c-939c-411f-b2bc-bf67cdb728de/","0","保留","候補なし","","","",""
"243","manual","大塚駅","5","Feeling（フィーリング）","大塚駅北口","https://www.esthe-ranking.jp/otsuka/shop-detail/f101a2df-c0d5-4e23-adf8-dccfdfa3be1d/","0","保留","候補なし","","","",""
"244","manual","大塚駅","5","ココア","大塚駅南口","https://www.esthe-ranking.jp/otsuka/shop-detail/66523e9c-c0fe-4496-b6d3-fbde09544e09/","0","保留","候補なし","","","",""
"245","manual","大塚駅","5","ピンクピンク","大塚駅南口3分","https://www.esthe-ranking.jp/otsuka/shop-detail/571225e0-6871-4345-a864-ec8f01483b3d/","0","保留","候補なし","","","",""
"246","manual","大塚駅","5","秋の実","大塚駅北口","https://www.esthe-ranking.jp/otsuka/shop-detail/1ceeba4e-45cf-4cd1-bd6d-c321573d71d6/","0","保留","候補なし","","","",""
"247","manual","武蔵小金井駅","5","cocoa（ココア）","武蔵小金井駅南口","https://www.esthe-ranking.jp/kichijoji/shop-detail/e58effd7-5a24-4129-b58f-a1f322fdef2c/","0","保留","候補なし","","","",""
"248","manual","武蔵小金井駅","5","そら","武蔵小金井駅北口","https://www.esthe-ranking.jp/kichijoji/shop-detail/b7868afd-6983-48d7-aa15-8f1d7f5efa18/","0","保留","候補なし","","","",""
"249","manual","武蔵小金井駅","5","甘い誘惑","武蔵小金井駅","https://www.esthe-ranking.jp/kichijoji/shop-detail/24a6d4d9-33ec-44dd-8bca-91159978dff3/","0","保留","候補なし","","","",""
"250","manual","武蔵小金井駅","5","女神の部屋","武蔵小金井駅北口","https://www.esthe-ranking.jp/kichijoji/shop-detail/75d0dba8-ff0b-4f9a-9d27-79794683eb98/","0","保留","候補なし","","","",""
"251","manual","武蔵小金井駅","5","夜の誘惑","武蔵小金井駅南口","https://www.esthe-ranking.jp/kichijoji/shop-detail/aa01a854-a41b-439f-82c4-116c3ca6b2c0/","0","保留","候補なし","","","",""
"252","manual","保谷駅","5","エデンの園","保谷駅南口","https://www.esthe-ranking.jp/nishitokyo/shop-detail/e48d2c69-8bbf-42cc-80ab-5390e020ecd3/","0","保留","候補なし","","","",""
"253","manual","保谷駅","5","ローズSPA","保谷駅南口","https://www.esthe-ranking.jp/nishitokyo/shop-detail/ef681adb-d8fb-446e-9025-ebc8fc584ab3/","0","保留","候補なし","","","",""
"254","manual","保谷駅","5","健康園（けんこうえん）","保谷駅","https://www.esthe-ranking.jp/nishitokyo/shop-detail/2a934c67-4450-4a60-a6d6-9b4c9f10cc37/","0","保留","候補なし","","","",""
"255","manual","保谷駅","5","保谷癒しリラクゼーション","保谷駅南口","https://www.esthe-ranking.jp/nishitokyo/shop-detail/c913d0b7-4c70-43c9-bc2d-9b66bdd41ed0/","0","保留","候補なし","","","",""
"256","manual","保谷駅","5","夢の家","保谷駅南口","https://www.esthe-ranking.jp/nishitokyo/shop-detail/4f09546b-f309-4af8-bc23-c855cc8f469b/","0","保留","候補なし","","","",""
"257","manual","秋葉原駅","4","Honey Angel","秋葉原駅昭和通り口","https://www.esthe-ranking.jp/akihabara/shop-detail/bf3cf23f-5905-4869-8e0d-3fe9d3f90761/","0","保留","候補なし","","","",""
"258","manual","秋葉原駅","4","ベトナムの女神","秋葉原駅","https://www.esthe-ranking.jp/akihabara/shop-detail/726b9b83-fe93-4351-9157-ca1683c88e0c/","0","保留","候補なし","","","",""
"259","manual","秋葉原駅","4","ルビー","秋葉原駅昭和通り口","https://www.esthe-ranking.jp/akihabara/shop-detail/481ab295-fc2f-4f65-be52-fe582110ea1b/","0","保留","候補なし","","","",""
"260","manual","秋葉原駅","4","愛","秋葉原駅昭和通り口","https://www.esthe-ranking.jp/akihabara/shop-detail/ff1d65ec-da27-4583-8587-902f4342e9c2/","0","保留","候補なし","","","",""
"261","manual","赤羽駅","4","リラクシア","赤羽駅","https://www.esthe-ranking.jp/akabane/shop-detail/64bb167d-3a18-4e8f-95a8-2f42680145b2/","0","保留","候補なし","","","",""
"262","manual","赤羽駅","4","ワラーリー","赤羽駅東口","https://www.esthe-ranking.jp/akabane/shop-detail/77e76b20-3a15-40cd-974c-a03d3f6cd7df/","0","保留","候補なし","","","",""
"263","manual","赤羽駅","4","愛（あい）","赤羽駅東口","https://www.esthe-ranking.jp/akabane/shop-detail/dcf9ab22-7d14-4071-8afb-a5faa55b9dd3/","0","保留","候補なし","","","",""
"264","manual","赤羽駅","4","百合","赤羽駅東口5分","https://www.esthe-ranking.jp/akabane/shop-detail/de5e5e22-40aa-47ce-bdc8-aba736c7f787/","0","保留","候補なし","","","",""
"265","manual","巣鴨駅","4","Angel baby","巣鴨駅","https://www.esthe-ranking.jp/otsuka/shop-detail/1bb05dd2-c1dc-45ad-8ec3-0ed9cf1b7262/","0","保留","候補なし","","","",""
"266","manual","巣鴨駅","4","HAPPY GIRLS","巣鴨駅","https://www.esthe-ranking.jp/otsuka/shop-detail/a087788b-1d84-4cb4-9922-6c3d4bb6df74/","0","保留","候補なし","","","",""
"267","manual","巣鴨駅","4","女の子の香り","巣鴨駅南口","https://www.esthe-ranking.jp/otsuka/shop-detail/4a5133a4-39cc-4a34-b78f-591722725084/","0","保留","候補なし","","","",""
"268","manual","巣鴨駅","4","桃姫","巣鴨駅南口","https://www.esthe-ranking.jp/otsuka/shop-detail/daaa49ef-c446-45d1-8de8-cfc2ac0c2da4/","0","保留","候補なし","","","",""
"269","manual","大久保駅","4","COCORO（こころ）","大久保駅北口","https://www.esthe-ranking.jp/okubo/shop-detail/44e4d76d-9df1-45e7-b68b-3caf7f2973a7/","0","保留","候補なし","","","",""
"270","manual","大久保駅","4","ケタワ","大久保駅北口","https://www.esthe-ranking.jp/okubo/shop-detail/919666cb-75ce-4c21-9ccc-5dad80cbc061/","0","保留","候補なし","","","",""
"271","manual","大久保駅","4","百合","大久保駅北口","https://www.esthe-ranking.jp/okubo/shop-detail/7817da73-4823-4ec9-955c-4ebfc211c0a6/","0","保留","候補なし","","","",""
"272","manual","大久保駅","4","蘭～RAN～","大久保駅","https://www.esthe-ranking.jp/okubo/shop-detail/286808dd-aabb-47c7-96da-7d084d798e23/","0","保留","候補なし","","","",""
"273","manual","調布駅","4","Cz-Girls","調布駅","https://www.esthe-ranking.jp/chofu/shop-detail/4b949fa4-800a-4bd0-b95a-54a5fccede6c/","0","保留","候補なし","","","",""
"274","manual","調布駅","4","Prunus（プルヌス）","調布駅","https://www.esthe-ranking.jp/chofu/shop-detail/4ede02ce-4f2f-477d-bf77-65e2c7c00ee2/","0","保留","候補なし","","","",""
"275","manual","調布駅","4","台湾ハニー","調布駅中央口","https://www.esthe-ranking.jp/chofu/shop-detail/e97f74fe-78ae-4553-a273-413fdc64bdbf/","0","保留","候補なし","","","",""
"276","manual","調布駅","4","日がのぼる","調布駅","https://www.esthe-ranking.jp/chofu/shop-detail/5074d6f0-133b-45ac-b44b-cc2600865ecc/","0","保留","候補なし","","","",""
"277","manual","日暮里駅","4","サイフォン","日暮里駅東口","https://www.esthe-ranking.jp/nippori/shop-detail/edfc5518-78aa-4f96-a101-5bf532e1a57e/","0","保留","候補なし","","","",""
"278","manual","日暮里駅","4","ソフィア","日暮里駅東口・南口","https://www.esthe-ranking.jp/nippori/shop-detail/2b50b1b7-2ed4-4edb-9563-64faef6fd90d/","0","保留","候補なし","","","",""
"279","manual","日暮里駅","4","ルビ～Ruby","日暮里駅東口","https://www.esthe-ranking.jp/nippori/shop-detail/77bd6935-db7c-45bb-beaa-cbe8b9318821/","0","保留","候補なし","","","",""
"280","manual","日暮里駅","4","雪いちご","日暮里駅","https://www.esthe-ranking.jp/nippori/shop-detail/8304539d-7b40-4bf1-9ce9-c800788154e6/","0","保留","候補なし","","","",""
"281","manual","北千住駅","4","キュート","北千住駅東口2分","https://www.esthe-ranking.jp/kameari/shop-detail/6b10a683-5c93-45d3-be24-7b468f0c3dd7/","0","保留","候補なし","","","",""
"282","manual","北千住駅","4","きらら","北千住駅西口","https://www.esthe-ranking.jp/kameari/shop-detail/15c4a431-2efd-4d98-96bf-fb6e92a097ab/","0","保留","候補なし","","","",""
"283","manual","北千住駅","4","天使","北千住駅東口","https://www.esthe-ranking.jp/kameari/shop-detail/3127c29a-a097-4190-99f2-349400064a5f/","0","保留","候補なし","","","",""
"284","manual","北千住駅","4","悠楽苑（ゆうらくえん）","北千住駅千住警察方面1番口","https://www.esthe-ranking.jp/kameari/shop-detail/46f7975c-f904-47ca-9592-b0a97f663b54/","0","保留","候補なし","","","",""
"285","manual","目黒駅","4","Victoria（ビクトリア）","目黒駅東口","https://www.esthe-ranking.jp/meguro/shop-detail/caeb6285-3601-4f18-b6c6-51636bf6f363/","0","保留","候補なし","","","",""
"286","manual","目黒駅","4","バベル","目黒駅東口","https://www.esthe-ranking.jp/meguro/shop-detail/3c2b8e55-292c-4a62-b88f-98e503c78b76/","0","保留","候補なし","","","",""
"287","manual","目黒駅","4","楽園","目黒駅","https://www.esthe-ranking.jp/meguro/shop-detail/2f689204-1c30-4f0c-92c9-d68dc8e2c781/","0","保留","候補なし","","","",""
"288","manual","目黒駅","4","元気もりもり","目黒駅東口","https://www.esthe-ranking.jp/meguro/shop-detail/c03a65e2-5a5e-4cd5-a052-a8a67fab103e/","0","保留","候補なし","","","",""
"289","manual","立川駅","4","Cupid～キューピット～","立川駅","https://www.esthe-ranking.jp/tachikawa/shop-detail/ba9f8c59-8244-4a15-9f2c-a927e915173d/","0","保留","候補なし","","","",""
"290","manual","立川駅","4","Rosemary（ローズマリー）","立川駅南口","https://www.esthe-ranking.jp/tachikawa/shop-detail/ea4c326d-6050-44b8-84f3-d994892ffcf7/","0","保留","候補なし","","","",""
"291","manual","立川駅","4","セクシー娘","立川駅南口","https://www.esthe-ranking.jp/tachikawa/shop-detail/59b79c31-94bb-4a7b-bad2-4d6cf46e8676/","0","保留","候補なし","","","",""
"292","manual","立川駅","4","魅惑の姫","立川駅","https://www.esthe-ranking.jp/tachikawa/shop-detail/9837d877-6bce-4d41-b907-e628b919da38/","0","保留","候補なし","","","",""
"293","manual","練馬駅","4","スマイル","練馬駅西口","https://www.esthe-ranking.jp/nerima/shop-detail/5e9d9dc7-dab1-48c5-91ed-3e2c8f638465/","0","保留","候補なし","","","",""
"294","manual","練馬駅","4","バニラ","練馬駅西口","https://www.esthe-ranking.jp/nerima/shop-detail/bdcfbcd4-f956-4583-be31-44814ef11b0a/","0","保留","候補なし","","","",""
"295","manual","練馬駅","4","ひまわり","練馬駅南口","https://www.esthe-ranking.jp/nerima/shop-detail/51b19c0a-3511-4557-99dd-ef456b885d20/","0","保留","候補なし","","","",""
"296","manual","練馬駅","4","天使のSPA","練馬駅","https://www.esthe-ranking.jp/nerima/shop-detail/51b9cdf3-971d-4af2-95a4-760fec21cdaf/","0","保留","候補なし","","","",""
"297","manual","下赤塚駅","3","サバイサバイ","下赤塚駅","https://www.esthe-ranking.jp/ooyama/shop-detail/e529b739-97ed-4ac4-a5b8-6a67569a351f/","0","保留","候補なし","","","",""
"298","manual","下赤塚駅","3","ラベンダー","下赤塚駅北口","https://www.esthe-ranking.jp/ooyama/shop-detail/c6ac091d-554a-4c14-94f2-951cd8696471/","0","保留","候補なし","","","",""
"299","manual","下赤塚駅","3","長久","下赤塚駅","https://www.esthe-ranking.jp/ooyama/shop-detail/45688dae-508d-4f7a-8e0e-8756d4b7a223/","0","保留","候補なし","","","",""
"300","manual","亀戸駅","3","Candy恋人","亀戸駅","https://www.esthe-ranking.jp/kameido/shop-detail/356ff2d2-9cf3-4c5d-810b-02b6a9fde498/","0","保留","候補なし","","","",""
"301","manual","亀戸駅","3","Honey（ハニー）","亀戸駅","https://www.esthe-ranking.jp/kameido/shop-detail/b84840ba-7349-498f-912a-8b5c250bceb7/","0","保留","候補なし","","","",""
"302","manual","亀戸駅","3","バラです","亀戸駅北口","https://www.esthe-ranking.jp/kameido/shop-detail/efb56063-422f-42a0-b888-ff9dee3bc362/","0","保留","候補なし","","","",""
"303","manual","吉祥寺駅","3","Banzai（ばんざい）","吉祥寺駅","https://www.esthe-ranking.jp/kichijoji/shop-detail/785b12f9-08ee-436b-a85d-42e805db2b43/","0","保留","候補なし","","","",""
"304","manual","吉祥寺駅","3","愛の海","吉祥寺駅北口","https://www.esthe-ranking.jp/kichijoji/shop-detail/6c71b43e-e063-4e2e-b490-2289113cb7a3/","0","保留","候補なし","","","",""
"305","manual","吉祥寺駅","3","秘密の恋","吉祥寺駅","https://www.esthe-ranking.jp/kichijoji/shop-detail/97596ed7-8891-460d-8b7a-1beac2fd5eb6/","0","保留","候補なし","","","",""
"306","manual","高田馬場駅","3","GOOD PRICE倶楽部","高田馬場駅早稲田口","https://www.esthe-ranking.jp/okubo/shop-detail/c049279d-d7f6-4057-9afa-2df6812980c5/","0","保留","候補なし","","","",""
"307","manual","高田馬場駅","3","茶〜ティー〜","高田馬場駅戸山口","https://www.esthe-ranking.jp/okubo/shop-detail/3b94e26c-846c-4e83-a7a3-59af517d1723/","0","保留","候補なし","","","",""
"308","manual","高田馬場駅","3","悠","高田馬場駅早稻田口","https://www.esthe-ranking.jp/okubo/shop-detail/4b0acb21-76c7-4c90-bb7d-ccf5af6d4f7a/","0","保留","候補なし","","","",""
"309","manual","水道橋駅","3","LUNA（ルナ）","水道橋駅西口","https://www.esthe-ranking.jp/suidobashi/shop-detail/c8b50691-2622-4af4-86cb-0f89e5d64040/","0","保留","候補なし","","","",""
"310","manual","水道橋駅","3","アナンダタイスパ","水道橋駅東口","https://www.esthe-ranking.jp/suidobashi/shop-detail/350b5a81-9efd-43fb-a138-eebe1b534d92/","0","保留","候補なし","","","",""
"311","manual","水道橋駅","3","ビーナス（Venus）","水道橋駅東口","https://www.esthe-ranking.jp/suidobashi/shop-detail/7ad17062-544f-41f8-9b32-e176d6c9d951/","0","保留","候補なし","","","",""
"312","manual","成増駅","3","はな","成増駅","https://www.esthe-ranking.jp/ooyama/shop-detail/c656e80c-2a71-43f6-bee5-4bf6e1e72615/","0","保留","候補なし","","","",""
"313","manual","成増駅","3","海の愛","成増駅","https://www.esthe-ranking.jp/ooyama/shop-detail/2e30fcc0-58e5-4bca-88c9-5a9dc52a17ca/","0","保留","候補なし","","","",""
"314","manual","成増駅","3","癒し空間","成増駅南口","https://www.esthe-ranking.jp/ooyama/shop-detail/b8880020-ea82-4eee-913b-d4740c4b0f75/","0","保留","候補なし","","","",""
"315","manual","石神井公園駅","3","Bubble（バブル）","石神井公園駅西口","https://www.esthe-ranking.jp/nerima/shop-detail/80138c00-6467-4e21-92ce-faaef41ebd05/","0","保留","候補なし","","","",""
"316","manual","石神井公園駅","3","Queendom","石神井公園駅","https://www.esthe-ranking.jp/nerima/shop-detail/8ab33034-3f79-44dd-871c-52660fc12183/","0","保留","候補なし","","","",""
"317","manual","石神井公園駅","3","一日の約束","石神井公園駅","https://www.esthe-ranking.jp/nerima/shop-detail/e30f412b-07bb-4fa7-8c43-aa36d683748b/","0","保留","候補なし","","","",""
"318","manual","中野駅","3","Franc Tulle（フランチュール）","中野駅","https://www.esthe-ranking.jp/nakano/shop-detail/3b11782e-6d1e-49d3-9459-932fb546596f/","0","保留","候補なし","","","",""
"319","manual","中野駅","3","SAIGON Sakura","中野駅北口","https://www.esthe-ranking.jp/nakano/shop-detail/a54db33d-98e4-4f1b-810a-65cb7f44d963/","0","保留","候補なし","","","",""
"320","manual","中野駅","3","夜来香","中野駅南口","https://www.esthe-ranking.jp/nakano/shop-detail/83acceaf-51a8-4ff2-82bd-73a542ef056b/","0","保留","候補なし","","","",""
"321","manual","日本橋駅","3","Only Love","日本橋駅D1出口","https://www.esthe-ranking.jp/nihonbashi/shop-detail/4e89b41f-6322-4e65-b020-afcdad8ea6fe/","0","保留","候補なし","","","",""
"322","manual","日本橋駅","3","ラブラブ","日本橋駅","https://www.esthe-ranking.jp/nihonbashi/shop-detail/afc48a28-9610-4389-b1bf-5b85490079a0/","0","保留","候補なし","","","",""
"323","manual","日本橋駅","3","甘いgirl","日本橋駅","https://www.esthe-ranking.jp/nihonbashi/shop-detail/e1e5b771-97c6-48c6-bbd1-66e21c748a40/","0","保留","候補なし","","","",""
"324","manual","福生駅","3","Mrs.GRACIA（グラシア）","福生駅","https://www.esthe-ranking.jp/haijima/shop-detail/70277c39-4faa-4dae-b81a-43b4a957df89/","0","保留","候補なし","","","",""
"325","manual","福生駅","3","スイート〜SUITE〜","福生駅東口","https://www.esthe-ranking.jp/haijima/shop-detail/d8e9485a-328e-4376-bec6-2e55a90efd0c/","0","保留","候補なし","","","",""
"326","manual","福生駅","3","雅","福生駅東口","https://www.esthe-ranking.jp/haijima/shop-detail/a22d01b9-a7b8-4b63-abae-8e17038d1698/","0","保留","候補なし","","","",""
"327","manual","平井駅","3","Elena（エレナ）","平井駅南口","https://www.esthe-ranking.jp/kameido/shop-detail/36cf3523-1a57-4de6-8c2b-f410d3bf9507/","0","保留","候補なし","","","",""
"328","manual","平井駅","3","カモンベイビー","平井駅","https://www.esthe-ranking.jp/kameido/shop-detail/89101989-955b-4b61-afb3-812b26fc4441/","0","保留","候補なし","","","",""
"329","manual","平井駅","3","癒月（ゆずき）","平井駅","https://www.esthe-ranking.jp/kameido/shop-detail/7fbfa92f-ebb8-4a78-8c98-ed0e98724433/","0","保留","候補なし","","","",""
"330","manual","ときわ台駅","2","Fairy（フェアリー）","ときわ台駅南口","https://www.esthe-ranking.jp/ooyama/shop-detail/268998bc-50b9-4c28-ac65-3379c859dd4b/","0","保留","候補なし","","","",""
"331","manual","ときわ台駅","2","バラ","ときわ台駅南口","https://www.esthe-ranking.jp/ooyama/shop-detail/201f29af-73d9-439a-a774-182830c07c3a/","0","保留","候補なし","","","",""
"332","manual","京王永山駅","2","萌え","京王永山駅北口徒步1分","https://www.esthe-ranking.jp/fuchu/shop-detail/37646072-29c8-4070-9ebc-2d2fb0d184cd/","0","保留","候補なし","","","",""
"333","manual","京王永山駅","2","恋の日","京王永山駅北口","https://www.esthe-ranking.jp/fuchu/shop-detail/3a86dc78-75f4-4728-9c83-8ee5b0d2d043/","0","保留","候補なし","","","",""
"334","manual","京王八王子駅","2","CAT&#039;S EYE（キャッツアイ）","京王八王子駅","https://www.esthe-ranking.jp/hachioji/shop-detail/081912ae-a165-421e-ac22-0aba3e165480/","0","保留","候補なし","","","",""
"335","manual","京王八王子駅","2","ハッピー日曜日","京王八王子駅","https://www.esthe-ranking.jp/hachioji/shop-detail/7c0d79f9-fcca-4eb4-a9d7-6125f320f930/","0","保留","候補なし","","","",""
"336","manual","京王堀之内駅","2","Pink Daisy","京王堀之内駅","https://www.esthe-ranking.jp/hachioji/shop-detail/ca7ddeb0-f469-4a75-ad49-f7227a78f986/","0","保留","候補なし","","","",""
"337","manual","京王堀之内駅","2","桃の色","京王堀之内駅","https://www.esthe-ranking.jp/hachioji/shop-detail/ca0fa2a2-9c07-43f9-813d-39ab0a16e06d/","0","保留","候補なし","","","",""
"338","manual","金町駅","2","サヤーム","金町駅北口","https://www.esthe-ranking.jp/kameari/shop-detail/7295a5b0-a4f7-4504-b91f-f145c680b796/","0","保留","候補なし","","","",""
"339","manual","金町駅","2","楽","金町駅北口","https://www.esthe-ranking.jp/kameari/shop-detail/639dbf38-df1e-447f-aaa9-ee7d58487380/","0","保留","候補なし","","","",""
"340","manual","駒込駅","2","みどり","駒込駅","https://www.esthe-ranking.jp/otsuka/shop-detail/1aec01de-413a-4358-b88c-2e523dbad25b/","0","保留","候補なし","","","",""
"341","manual","駒込駅","2","ももこ","駒込駅南口","https://www.esthe-ranking.jp/otsuka/shop-detail/e78cccff-ef86-43b9-95a5-e2a49e7d2fef/","0","保留","候補なし","","","",""
"342","manual","自由が丘駅","2","Relaxation","自由が丘駅正面口","https://www.esthe-ranking.jp/jiyugaoka/shop-detail/e239d885-bf5e-43c9-ae75-a8bfb450c382/","0","保留","候補なし","","","",""
"343","manual","自由が丘駅","2","たんぽぽ","自由が丘駅北口","https://www.esthe-ranking.jp/jiyugaoka/shop-detail/2e369e8f-b478-4ae2-b42d-b3d993c92538/","0","保留","候補なし","","","",""
"344","manual","秋津駅","2","SWEET ANGELS","秋津駅","https://www.esthe-ranking.jp/kumegawa/shop-detail/11830ed7-39a6-4080-9637-4b9f90fbac2d/","0","保留","候補なし","","","",""
"345","manual","秋津駅","2","ブル","秋津駅","https://www.esthe-ranking.jp/kumegawa/shop-detail/504a68ea-bcfa-4019-93ce-e36d42593876/","0","保留","候補なし","","","",""
"346","manual","上石神井駅","2","Crystal～極上メンズエステ～","上石神井駅南口","https://www.esthe-ranking.jp/shakujii/shop-detail/25b6fbc1-44a3-4f50-b435-755578292f6c/","0","保留","候補なし","","","",""
"347","manual","上石神井駅","2","恋の季節","上石神井駅南口","https://www.esthe-ranking.jp/shakujii/shop-detail/53da5ad9-2b77-4e61-a61b-c0a23627e113/","0","保留","候補なし","","","",""
"348","manual","新大久保駅","2","スックジャイ","新大久保駅","https://www.esthe-ranking.jp/okubo/shop-detail/cab1b27f-4109-449b-8656-689d43d49be5/","0","保留","候補なし","","","",""
"349","manual","新大久保駅","2","マンゴスチン","新大久保駅","https://www.esthe-ranking.jp/okubo/shop-detail/68e88179-d78e-47cf-98d2-524c1efb14c3/","0","保留","候補なし","","","",""
"350","manual","西葛西駅","2","Lucky（ラッキー）","西葛西駅南口","https://www.esthe-ranking.jp/kasai/shop-detail/039d0db4-7a5e-4fd2-8bf1-e21b74424b9a/","0","保留","候補なし","","","",""
"351","manual","西葛西駅","2","やすらぎ","西葛西駅","https://www.esthe-ranking.jp/kasai/shop-detail/4d43422f-aee0-4c7b-9deb-e6e48178cec8/","0","保留","候補なし","","","",""
"352","manual","西新井駅","2","スミレ","西新井駅東口","https://www.esthe-ranking.jp/kameari/shop-detail/aca37291-9fba-4dfe-9d32-f7cccd809fa8/","0","保留","候補なし","","","",""
"353","manual","西新井駅","2","魅惑（みわく）","西新井駅","https://www.esthe-ranking.jp/kameari/shop-detail/aca36dc4-a200-4d22-8291-3803f4203f23/","0","保留","候補なし","","","",""
"354","manual","泉岳寺駅","2","Cinderella Girl","泉岳寺駅A3出口","https://www.esthe-ranking.jp/shinagawa/shop-detail/b54c5167-6d9f-44b2-903f-74c3b275caea/","0","保留","候補なし","","","",""
"355","manual","泉岳寺駅","2","僕の彼女","泉岳寺駅A3出口","https://www.esthe-ranking.jp/shinagawa/shop-detail/24cb5063-76cb-4261-804a-22eb33da8e2b/","0","保留","候補なし","","","",""
"356","manual","大井町駅・蒲田駅・大森町駅","2","Tiara","大井町駅・蒲田駅・大森町駅","https://www.esthe-ranking.jp/kamata/shop-detail/2de7a716-90f1-4cfd-9103-d8e75d06d0fd/","0","保留","候補なし","","","",""
"357","manual","大井町駅・蒲田駅・大森町駅","2","夜の恋人","大井町駅・蒲田駅・大森町駅","https://www.esthe-ranking.jp/kamata/shop-detail/cbf2b695-56ab-416c-964b-5b2e2a2ee626/","0","保留","候補なし","","","",""
"358","manual","大山駅","2","タイキ","大山駅","https://www.esthe-ranking.jp/ooyama/shop-detail/3c8f3023-0ea2-4573-aecb-49bf445a5fe8/","0","保留","候補なし","","","",""
"359","manual","大山駅","2","憩（イコイ）","大山駅南口","https://www.esthe-ranking.jp/ooyama/shop-detail/35af1aad-3c72-4752-8014-8c941e1d14da/","0","保留","候補なし","","","",""
"360","manual","大泉学園駅","2","Touch （タッチ）","大泉学園駅","https://www.esthe-ranking.jp/nerima/shop-detail/42ca203c-d456-4a30-bba6-689296baddf1/","0","保留","候補なし","","","",""
"361","manual","大泉学園駅","2","もしもし","大泉学園駅北口","https://www.esthe-ranking.jp/nerima/shop-detail/76d6affb-85d4-4a51-8137-c2ed19538d90/","0","保留","候補なし","","","",""
"362","manual","中板橋駅","2","BUA （ブア）","中板橋駅","https://www.esthe-ranking.jp/ooyama/shop-detail/9c633e4a-47b5-44b5-8434-2adc406195ad/","0","保留","候補なし","","","",""
"363","manual","中板橋駅","2","沁園","中板橋駅北口","https://www.esthe-ranking.jp/ooyama/shop-detail/550cd6ee-5ef4-470d-8c42-69773601d67f/","0","保留","候補なし","","","",""
"364","manual","町屋駅","2","New Face（ニューフェイス）","町屋駅","https://www.esthe-ranking.jp/nippori/shop-detail/8ca44ce8-7849-43ba-bc10-f1f069aac7c7/","0","保留","候補なし","","","",""
"365","manual","町屋駅","2","夕月","町屋駅1番出口","https://www.esthe-ranking.jp/nippori/shop-detail/55c43e5b-782c-4082-bfec-11428e078965/","0","保留","候補なし","","","",""
"366","manual","田無駅","2","ROSE（ローズ）","田無駅","https://www.esthe-ranking.jp/nishitokyo/shop-detail/f964f8d8-6e15-4cbd-aaaf-dbaee9cc0abe/","0","保留","候補なし","","","",""
"367","manual","田無駅","2","ピーチ","田無駅北口","https://www.esthe-ranking.jp/nishitokyo/shop-detail/f834792d-2b9e-4262-ac25-1842533931f4/","0","保留","候補なし","","","",""
"368","manual","東十条駅","2","Only One","東十条駅北口","https://www.esthe-ranking.jp/akabane/shop-detail/aabb748f-f24b-46bb-89d4-31b3568eaf30/","0","保留","候補なし","","","",""
"369","manual","東十条駅","2","癒しの森","東十条駅北口","https://www.esthe-ranking.jp/akabane/shop-detail/8ef45c54-228b-45c1-94c1-9f524d568ebd/","0","保留","候補なし","","","",""
"370","manual","東新宿駅","2","New Face","東新宿駅A1出口","https://www.esthe-ranking.jp/shinjuku/shop-detail/a6327aee-ee87-4a71-8bc6-7017a2d57cf0/","0","保留","候補なし","","","",""
"371","manual","東新宿駅","2","蕾～つぼみ","東新宿駅","https://www.esthe-ranking.jp/shinjuku/shop-detail/022c5766-ca64-4fd8-8f07-da74ab6e3990/","0","保留","候補なし","","","",""
"372","manual","東村山駅","2","オキニ","東村山駅東口","https://www.esthe-ranking.jp/kumegawa/shop-detail/1f681028-c9b7-41e5-9161-e9453b87ac3d/","0","保留","候補なし","","","",""
"373","manual","東村山駅","2","愛の屋","東村山駅東口","https://www.esthe-ranking.jp/kumegawa/shop-detail/827ab0fc-9023-4c86-b5c0-bc90e5e526e3/","0","保留","候補なし","","","",""
"374","manual","東陽町駅","2","cocoa（ココア）","東陽町駅2番出口","https://www.esthe-ranking.jp/monnaka/shop-detail/a491c8ec-4642-4b28-a329-11b76325ba22/","0","保留","候補なし","","","",""
"375","manual","東陽町駅","2","グリーン","東陽町駅2番出口","https://www.esthe-ranking.jp/monnaka/shop-detail/6c2d2b21-6b91-46e7-96f4-d8dde761aa7d/","0","保留","候補なし","","","",""
"376","manual","幡ヶ谷駅","2","Rose Honey","幡ヶ谷駅西口","https://www.esthe-ranking.jp/hatsudai/shop-detail/ba908c7b-fc1d-4771-b02f-ddf233830470/","0","保留","候補なし","","","",""
"377","manual","幡ヶ谷駅","2","香り","幡ヶ谷駅北口","https://www.esthe-ranking.jp/hatsudai/shop-detail/cbce9ea3-9e2d-450e-9606-3feef7002e0e/","0","保留","候補なし","","","",""
"378","manual","つつじヶ丘駅","1","杏（あん）","つつじヶ丘駅","https://www.esthe-ranking.jp/chofu/shop-detail/402a5825-1f7f-41df-9a79-ef501747aed6/","0","保留","候補なし","","","",""
"379","manual","ひばりヶ丘駅","1","暖安","ひばりヶ丘駅北口","https://www.esthe-ranking.jp/nishitokyo/shop-detail/a6c7a57d-c436-43c1-a9b8-3c5ea77754c5/","0","保留","候補なし","","","",""
"380","manual","阿佐ヶ谷駅","1","癒し姫","阿佐ヶ谷駅南口","https://www.esthe-ranking.jp/ogikubo/shop-detail/f56f026e-5d67-4888-b160-1f4a14ae4b57/","0","保留","候補なし","","","",""
"381","manual","一橋学園駅","1","美心堂","一橋学園駅南口","https://www.esthe-ranking.jp/kumegawa/shop-detail/58fa0a33-1014-4278-9d81-213208c84e48/","0","保留","候補なし","","","",""
"382","manual","羽村駅","1","美人魚","羽村駅東口","https://www.esthe-ranking.jp/haijima/shop-detail/91fc9030-e6b9-4875-942a-0b6b82824538/","0","保留","候補なし","","","",""
"383","manual","押上駅・錦糸町駅","1","Lucky girl","押上駅・錦糸町駅","https://www.esthe-ranking.jp/kinshicho/shop-detail/44f2b6fc-23e0-48f5-abfc-dc7c087b9b05/","0","保留","候補なし","","","",""
"384","manual","王子駅","1","やすらぎ","王子駅北口","https://www.esthe-ranking.jp/akabane/shop-detail/3347374c-9534-4f34-b793-c694323cd738/","0","保留","候補なし","","","",""
"385","manual","下高井戸駅","1","色っぽい","下高井戸駅東口","https://www.esthe-ranking.jp/hatsudai/shop-detail/da3d060b-3f03-4bb3-8940-ec6defafa901/","0","保留","候補なし","","","",""
"386","manual","河辺駅","1","Hinoki～檜～","河辺駅南口","https://www.esthe-ranking.jp/haijima/shop-detail/f43a93ae-51f2-4bb9-8c1c-68a83510f477/","0","保留","候補なし","","","",""
"387","manual","花小金井駅","1","蓮","花小金井駅北口","https://www.esthe-ranking.jp/kumegawa/shop-detail/5c4381e6-abb3-412b-8343-7d61386e74e0/","0","保留","候補なし","","","",""
"388","manual","学芸大学駅","1","悠美","学芸大学駅","https://www.esthe-ranking.jp/jiyugaoka/shop-detail/940198d2-f1f0-41d8-93d6-a486bd020c35/","0","保留","候補なし","","","",""
"389","manual","茅場町駅","1","夏の花","茅場町駅1番出口","https://www.esthe-ranking.jp/nihonbashi/shop-detail/323efbe6-b47a-492d-8309-024c4001e72c/","0","保留","候補なし","","","",""
"390","manual","喜多見駅","1","HotLand","喜多見駅","https://www.esthe-ranking.jp/shimokitazawa/shop-detail/a48c8d93-2d54-4930-9f92-f36b8918acd7/","0","保留","候補なし","","","",""
"391","manual","亀戸駅・西大島駅","1","味蕾","亀戸駅・西大島駅","https://www.esthe-ranking.jp/kameido/shop-detail/d94b1d91-b776-4563-8e12-4169579e551a/","0","保留","候補なし","","","",""
"392","manual","京王線調布駅","1","Golden Bouquet （ゴールデンブーケ）","京王線調布駅","https://www.esthe-ranking.jp/chofu/shop-detail/95466351-dde6-4332-a241-178efbc28ba3/","0","保留","候補なし","","","",""
"393","manual","京王相模原線京王永山駅","1","雅","京王相模原線京王永山駅北口","https://www.esthe-ranking.jp/fuchu/shop-detail/1a355f22-9877-4e87-a05a-d3ef951ea6b3/","0","保留","候補なし","","","",""
"394","manual","駒込駅・巣鴨駅","1","Just you","駒込駅・巣鴨駅","https://www.esthe-ranking.jp/otsuka/shop-detail/c40306e9-cc7e-40d4-9e11-bb74cd9089fe/","0","保留","候補なし","","","",""
"395","manual","駒沢大学駅","1","リリナ","駒沢大学駅","https://www.esthe-ranking.jp/sangenjaya/shop-detail/b4d73afd-802b-498d-9efa-0d3dded062eb/","0","保留","候補なし","","","",""
"396","manual","恵比寿駅","1","桜満開 リラクゼーション","恵比寿駅西口","https://www.esthe-ranking.jp/ebisu/shop-detail/7a0cfb6a-cdb2-40bf-807c-be1afd7e01b3/","0","保留","候補なし","","","",""
"397","manual","経堂駅","1","ダリア","経堂駅南口","https://www.esthe-ranking.jp/shimokitazawa/shop-detail/896f2983-b6f9-4122-996c-ce8203e4c8be/","0","保留","候補なし","","","",""
"398","manual","月島駅","1","StarrySky","月島駅","https://www.esthe-ranking.jp/ginza/shop-detail/24aa7d85-32ef-4946-b61f-ebf3e0ed03fa/","0","保留","候補なし","","","",""
"399","manual","五反田駅","1","美伶","五反田駅","https://www.esthe-ranking.jp/gotanda/shop-detail/e7115db8-e040-4dd1-86aa-01e564ccdbb4/","0","保留","候補なし","","","",""
"400","manual","五反野駅","1","悠","五反野駅","https://www.esthe-ranking.jp/kameari/shop-detail/808a6330-f9e2-402a-a857-e0ed9a9e0d0f/","0","保留","候補なし","","","",""
"401","manual","高島平駅","1","スマイル","高島平駅東口","https://www.esthe-ranking.jp/akabane/shop-detail/9a9b3add-b9d7-40c1-b9d1-610b5607bef8/","0","保留","候補なし","","","",""
"402","manual","桜上水駅","1","キラ美","桜上水駅","https://www.esthe-ranking.jp/hatsudai/shop-detail/cbc84f71-9a7b-457f-aa39-a331d8aaef4f/","0","保留","候補なし","","","",""
"403","manual","桜新町駅","1","桜花","桜新町駅南口","https://www.esthe-ranking.jp/sangenjaya/shop-detail/a55d9109-ebdd-45b9-81ce-8b6ba3e6327c/","0","保留","候補なし","","","",""
"404","manual","四谷三丁目駅","1","ONLY～心愈～","四谷三丁目駅3番出口","https://www.esthe-ranking.jp/iidabashi/shop-detail/afaf745c-d9cd-4e57-8f39-68852fdec2b6/","0","保留","候補なし","","","",""
"405","manual","小岩駅","1","ナムフォン","小岩駅南口","https://www.esthe-ranking.jp/kameido/shop-detail/921c0b9d-49d1-4b55-abd1-a34e05f399a0/","0","保留","候補なし","","","",""
"406","manual","小作駅","1","桜（サクラ）","小作駅東口","https://www.esthe-ranking.jp/haijima/shop-detail/7bdc14a2-a2fa-450a-8f03-d44f002a96d2/","0","保留","候補なし","","","",""
"407","manual","小川町駅","1","花水木","小川町駅A7出口","https://www.esthe-ranking.jp/kanda/shop-detail/e22d6a46-5bd8-4f8e-912c-3d7833423202/","0","保留","候補なし","","","",""
"408","manual","小魔女（こまじょ）","1","小魔女 （こまじょ）","小魔女（こまじょ）","https://www.esthe-ranking.jp/hatsudai/shop-detail/d28d56c8-c8b5-47d7-87e6-bc4685ae666f/","0","保留","候補なし","","","",""
"409","manual","昭島駅","1","優々","昭島駅南口","https://www.esthe-ranking.jp/haijima/shop-detail/3aea73cb-2246-4fd0-b9e5-a38f85f0d413/","0","保留","候補なし","","","",""
"410","manual","上井草駅","1","ゆうゆう","上井草駅南口","https://www.esthe-ranking.jp/shakujii/shop-detail/1a835e6f-9529-413a-a9e1-0d0fd8d40a56/","0","保留","候補なし","","","",""
"411","manual","上野駅・稲荷町駅","1","花物語","上野駅・稲荷町駅","https://www.esthe-ranking.jp/ueno/shop-detail/8a6fdf4b-8d96-4c68-9da2-a4f356be6998/","0","保留","候補なし","","","",""
"412","manual","新橋駅","1","くろーばー","新橋駅烏森口","https://www.esthe-ranking.jp/shinbashi/shop-detail/aed9aae8-861c-46d1-8b57-928af7ac3141/","0","保留","候補なし","","","",""
"413","manual","新小岩駅・亀戸駅・西大島駅・小岩駅","1","女子の楽園","新小岩駅・亀戸駅・西大島駅・小岩駅","https://www.esthe-ranking.jp/kameido/shop-detail/ef9589a5-d489-4ca1-aa7e-d64b1842395d/","0","保留","候補なし","","","",""
"414","manual","新板橋駅","1","温熱らくらくサロン","新板橋駅A3出口","https://www.esthe-ranking.jp/akabane/shop-detail/dba2788f-4c06-4856-a3e3-4a9f7b4835f5/","0","保留","候補なし","","","",""
"415","manual","森下駅","1","癒しの泉（いやしのいずみ）","森下駅","https://www.esthe-ranking.jp/kinshicho/shop-detail/ea515421-0483-4f19-8684-4ae222c6fa72/","0","保留","候補なし","","","",""
"416","manual","神保町駅","1","ふわふわ","神保町駅A5出口","https://www.esthe-ranking.jp/kanda/shop-detail/a127c4f0-ed15-4e50-ba97-72fd55d4b04e/","0","保留","候補なし","","","",""
"417","manual","人形町駅","1","こもれび","人形町駅A5出口","https://www.esthe-ranking.jp/nihonbashi/shop-detail/3b491c2d-253d-473c-821d-18f033e9b54f/","0","保留","候補なし","","","",""
"418","manual","清瀬駅","1","ときめき","清瀬駅北口","https://www.esthe-ranking.jp/nishitokyo/shop-detail/ee55f91d-dec4-4c24-b533-57313ce0c2d3/","0","保留","候補なし","","","",""
"419","manual","西国分寺駅","1","love forever永遠の愛（ラブフォーエバーえいえんのあい）","西国分寺駅","https://www.esthe-ranking.jp/kokubunji/shop-detail/1defe2a6-2522-442f-b82e-5a56d96cd263/","0","保留","候補なし","","","",""
"420","manual","西新井駅・竹ノ塚駅","1","Baby face","西新井駅・竹ノ塚駅","https://www.esthe-ranking.jp/kameari/shop-detail/687d723c-95e2-49a8-bfac-0a1d29163c20/","0","保留","候補なし","","","",""
"421","manual","西大島駅","1","Meet","西大島駅A1出口","https://www.esthe-ranking.jp/kameido/shop-detail/88e07ecc-b23c-4409-959c-69313fbe4c62/","0","保留","候補なし","","","",""
"422","manual","西日暮里駅","1","温馨港","西日暮里駅より","https://www.esthe-ranking.jp/nippori/shop-detail/b1bbb892-a9ce-4b15-960d-9f1a79ed3abc/","0","保留","候補なし","","","",""
"423","manual","青砥駅","1","秋","青砥駅","https://www.esthe-ranking.jp/kameari/shop-detail/a5610319-95bb-43b3-b45f-ddf056d8f1f1/","0","保留","候補なし","","","",""
"424","manual","青梅駅","1","愛","青梅駅","https://www.esthe-ranking.jp/haijima/shop-detail/c1414bdb-c3a7-4cb8-9a74-00ae53d42773/","0","保留","候補なし","","","",""
"425","manual","赤坂見附駅","1","初の恋","赤坂見附駅2分","https://www.esthe-ranking.jp/akasaka/shop-detail/1698e8cc-158e-464e-842b-1bc29c88b665/","0","保留","候補なし","","","",""
"426","manual","船堀駅","1","花〜hana〜","船堀駅南口","https://www.esthe-ranking.jp/kasai/shop-detail/d1337c99-7174-4d25-8f05-e39d46363dc8/","0","保留","候補なし","","","",""
"427","manual","代々木駅","1","Secret（シークレット）","代々木駅A1出口","https://www.esthe-ranking.jp/shibuya/shop-detail/a97606a5-e6b2-4716-a426-7b7d76bfa513/","0","保留","候補なし","","","",""
"428","manual","大井町駅・蓮沼駅","1","激アツのコイ","大井町駅・蓮沼駅","https://www.esthe-ranking.jp/kamata/shop-detail/74187780-ab18-40ce-8212-5766d7ccb4d8/","0","保留","候補なし","","","",""
"429","manual","池袋発～","1","Thaniya Relax（タニヤリラックス）","池袋発～","https://www.esthe-ranking.jp/ikebukuro/shop-detail/501e1ce2-bda6-4bd1-84e7-91ebb9c9a5f6/","0","保留","候補なし","","","",""
"430","manual","中村橋駅","1","ラックン","中村橋駅","https://www.esthe-ranking.jp/nerima/shop-detail/602aa12e-ced7-4a22-ae5b-fbaa0828e2e4/","0","保留","候補なし","","","",""
"431","manual","仲御徒町3出口","1","マカロン","仲御徒町3出口","https://www.esthe-ranking.jp/ueno/shop-detail/f2ab6581-e908-4001-91ff-cd41d57b096e/","0","保留","候補なし","","","",""
"432","manual","仲御徒町駅","1","Eclat","仲御徒町駅1出口","https://www.esthe-ranking.jp/ueno/shop-detail/77b5ec44-f5a2-4696-9c8f-7687e6ef95b4/","0","保留","候補なし","","","",""
"433","manual","仲御徒町駅出口1","1","喜手～kishu～","仲御徒町駅出口1","https://www.esthe-ranking.jp/ueno/shop-detail/350673d6-d664-486f-8b25-2b6605537703/","0","保留","候補なし","","","",""
"434","manual","田原町駅","1","Beautiful Girl（ビューティフルガール）","田原町駅2番出口","https://www.esthe-ranking.jp/ueno/shop-detail/b0817008-4fef-4cc2-aa2c-f2c715c94f68/","0","保留","候補なし","","","",""
"435","manual","田町駅","1","春の家","田町駅東口","https://www.esthe-ranking.jp/shinagawa/shop-detail/3c6ad76b-b9f8-46ce-9c8b-374050a6a6cb/","0","保留","候補なし","","","",""
"436","manual","東青梅駅","1","グリーン","東青梅駅南口","https://www.esthe-ranking.jp/haijima/shop-detail/8f49388e-0a15-4102-9fb1-14ddd49c894c/","0","保留","候補なし","","","",""
"437","manual","東中野駅","1","優","東中野駅西口","https://www.esthe-ranking.jp/nakano/shop-detail/cda99710-15c0-4699-afb2-b5e51014d80c/","0","保留","候補なし","","","",""
"438","manual","湯島駅","1","いちご","湯島駅3番出口","https://www.esthe-ranking.jp/kamata/shop-detail/2ebba615-17b9-4a36-ae57-894a968b953b/","0","保留","候補なし","","","",""
"439","manual","内幸町駅","1","ワンディーディー","内幸町駅","https://www.esthe-ranking.jp/shinbashi/shop-detail/c6088eee-d51f-45dc-b462-1be566dd69d4/","0","保留","候補なし","","","",""
"440","manual","日暮里駅・鶯谷駅","1","蜜みつ","日暮里駅・鶯谷駅","https://www.esthe-ranking.jp/nippori/shop-detail/20c46248-3d00-407f-a81a-61226397ae4c/","0","保留","候補なし","","","",""
"441","manual","日暮里駅東口より","1","みなみ","日暮里駅東口より","https://www.esthe-ranking.jp/nippori/shop-detail/15330a82-1910-4d0f-aa09-27f3b95454bd/","0","保留","候補なし","","","",""
"442","manual","入谷駅","1","台湾の健康マッサージ","入谷駅一番口","https://www.esthe-ranking.jp/nippori/shop-detail/fa6c45a2-d391-4839-b4f5-bf56d33e9123/","0","保留","候補なし","","","",""
"443","manual","馬喰町駅","1","Victoria（ヴィクトリア）","馬喰町駅","https://www.esthe-ranking.jp/nihonbashi/shop-detail/49df2fe5-b625-4cd0-b30a-cbf8113ac1f5/","0","保留","候補なし","","","",""
"444","manual","拝島駅","1","relalice（リラリス）","拝島駅南口","https://www.esthe-ranking.jp/haijima/shop-detail/4d3bdb8a-c130-4bdb-bd10-a84ee6a14c85/","0","保留","候補なし","","","",""
"445","manual","八丁堀駅","1","Candy（キャンディ）","八丁堀駅B2出口","https://www.esthe-ranking.jp/tokyo/shop-detail/37aaacd7-4ac9-4e7e-92b6-4d074a2cd4c7/","0","保留","候補なし","","","",""
"446","manual","板橋本町駅","1","Golden Rose","板橋本町駅A2出口","https://www.esthe-ranking.jp/akabane/shop-detail/081da73c-74dc-4389-9e98-fb8afd115d2c/","0","保留","候補なし","","","",""
"447","manual","飯田橋駅","1","魅惑の世界","飯田橋駅東口","https://www.esthe-ranking.jp/iidabashi/shop-detail/bd58f8d1-7944-46e9-84cc-5da0158a9197/","0","保留","候補なし","","","",""
"448","manual","飯田橋駅A5","1","癒しの空間","飯田橋駅A5","https://www.esthe-ranking.jp/iidabashi/shop-detail/0d201a04-585c-4ea9-9d60-1939a3c07fc5/","0","保留","候補なし","","","",""
"449","manual","浜松町駅","1","Pandora（パンドラ）","浜松町駅南口","https://www.esthe-ranking.jp/shinagawa/shop-detail/071bc40e-ba0d-4b59-8753-bae090498a58/","0","保留","候補なし","","","",""
"450","manual","浜松町北口","1","韓美AKARIサロン","浜松町北口","https://www.esthe-ranking.jp/shinagawa/shop-detail/a81c53f5-5e45-4927-8d57-8b868abc797c/","0","保留","候補なし","","","",""
"451","manual","不動前駅","1","さくら","不動前駅","https://www.esthe-ranking.jp/meguro/shop-detail/4724b1fc-e27a-4e9a-9046-bcf83be7a678/","0","保留","候補なし","","","",""
"452","manual","府中駅・多摩センター駅","1","アモーレ","府中駅・多摩センター駅","https://www.esthe-ranking.jp/fuchu/shop-detail/8eefed37-8dd1-4a78-a222-5c4bd2b49670/","0","保留","候補なし","","","",""
"453","manual","浮間舟渡駅","1","癒里","浮間舟渡駅","https://www.esthe-ranking.jp/akabane/shop-detail/713ac2a2-82d0-4c2f-8cee-e2a9535a9761/","0","保留","候補なし","","","",""
"454","manual","武蔵小金井駅・三鷹駅","1","花火kiss","武蔵小金井駅・三鷹駅","https://www.esthe-ranking.jp/kichijoji/shop-detail/b8217c4b-e304-4900-b05a-8f1fd3af03a7/","0","保留","候補なし","","","",""
"455","manual","豊洲駅","1","きらく","豊洲駅4番出口","https://www.esthe-ranking.jp/ginza/shop-detail/0b6329ae-dfd9-4378-a8b2-4dff374877d4/","0","保留","候補なし","","","",""
"456","manual","堀切菖蒲園駅","1","姫香（ひめか）","堀切菖蒲園駅","https://www.esthe-ranking.jp/kameari/shop-detail/aa060e88-70f6-427f-9dd3-f58331a32691/","0","保留","候補なし","","","",""
"457","manual","本郷三丁目駅","1","幸せの鈴","本郷三丁目駅","https://www.esthe-ranking.jp/suidobashi/shop-detail/1d42cfca-a60e-42a3-af14-b0dbb3219351/","0","保留","候補なし","","","",""
"458","manual","末広町駅","1","タイランドミリンマッサージ","末広町駅3番出口","https://www.esthe-ranking.jp/akihabara/shop-detail/c134e440-4a4d-423e-b74e-d87b0d89f256/","0","保留","候補なし","","","",""
"459","manual","明大前駅","1","Silk Ribbon（シルクリボン）","明大前駅","https://www.esthe-ranking.jp/hatsudai/shop-detail/349896ac-3530-406b-aa27-35a70a6f69ef/","0","保留","候補なし","","","",""
"460","manual","木場駅","1","ルアナ～LUANA～","木場駅1番出口","https://www.esthe-ranking.jp/monnaka/shop-detail/7ac584cf-c389-44ba-8f7c-0e5bcb9fa08b/","0","保留","候補なし","","","",""
"461","manual","門前仲町駅出口4","1","桜花","門前仲町駅出口4","https://www.esthe-ranking.jp/monnaka/shop-detail/4b7f5ef8-9e04-49b3-bb6b-8d78f6b09521/","0","保留","候補なし","","","",""
"462","manual","用賀駅","1","好き好き","用賀駅北口","https://www.esthe-ranking.jp/sangenjaya/shop-detail/a14ae641-e02e-46a3-8444-a2b8e3c60385/","0","保留","候補なし","","","",""
"463","manual","鶯谷駅","1","Ui（ウィ）","鶯谷駅北口","https://www.esthe-ranking.jp/nippori/shop-detail/c5ba360f-9129-4a5a-bc51-863bfffc7a79/","0","保留","候補なし","","","",""
"464","manual","麴町駅","1","SATISFY（サティスファイ）","麴町駅1番出口","https://www.esthe-ranking.jp/iidabashi/shop-detail/92e65259-7756-4c70-9323-00f6073a3326/","0","保留","候補なし","","","",""
